,Time Step,Projection Date,Subtotal Key,PH Age,Qx,Qxpm,Prob IF,Discount Factor,Benefit EPV
0,0,1964-12-01,policy_1,17,0.000433,3.609049635322492e-05,1,1,0
1,1,1965-01-01,policy_1,17,0.000433,3.609049635322492e-05,0.9999639095036468,0.9992006394884093,0.0
2,2,1965-02-01,policy_1,18,0.000429,3.575703127101093e-05,0.9999278203098175,0.9984019179540462,0.0
3,3,1965-03-01,policy_1,18,0.000429,3.575703127101093e-05,0.999892065859478,0.9976038348861374,0.0
4,4,1965-04-01,policy_1,18,0.000429,3.575703127101093e-05,0.9998563126876114,0.996806389774318,0.0
5,5,1965-05-01,policy_1,18,0.000429,3.575703127101093e-05,0.9998205607941721,0.9960095821086312,0.0
6,6,1965-06-01,policy_1,18,0.000429,3.575703127101093e-05,0.9997848101791145,0.9952134113795277,0.0
7,7,1965-07-01,policy_1,18,0.000429,3.575703127101093e-05,0.9997490608423926,0.9944178770778654,0.0
8,8,1965-08-01,policy_1,18,0.000429,3.575703127101093e-05,0.9997133127839609,0.9936229786949096,0.0
9,9,1965-09-01,policy_1,18,0.000429,3.575703127101093e-05,0.9996775660037737,0.9928287157223318,0.0
10,10,1965-10-01,policy_1,18,0.000429,3.575703127101093e-05,0.9996418205017852,0.99203508765221,0.0
11,11,1965-11-01,policy_1,18,0.000429,3.575703127101093e-05,0.9996060762779497,0.9912420939770286,0.0
12,12,1965-12-01,policy_1,18,0.000429,3.575703127101093e-05,0.9995703333322216,0.9904497341896769,0.0
13,13,1966-01-01,policy_1,18,0.000429,3.575703127101093e-05,0.999534591664555,0.9896580077834501,0.0
14,14,1966-02-01,policy_1,19,0.000426,3.5506933262041684e-05,0.9994988512749045,0.9888669142520486,0.0
15,15,1966-03-01,policy_1,19,0.000426,3.5506933262041684e-05,0.9994633621358967,0.988076453089577,0.0
16,16,1966-04-01,policy_1,19,0.000426,3.5506933262041684e-05,0.9994278742569995,0.9872866237905447,0.0
17,17,1966-05-01,policy_1,19,0.000426,3.5506933262041684e-05,0.9993923876381681,0.9864974258498649,0.0
18,18,1966-06-01,policy_1,19,0.000426,3.5506933262041684e-05,0.9993569022793576,0.9857088587628546,0.0
19,19,1966-07-01,policy_1,19,0.000426,3.5506933262041684e-05,0.9993214181805233,0.9849209220252345,0.0
20,20,1966-08-01,policy_1,19,0.000426,3.5506933262041684e-05,0.9992859353416207,0.9841336151331281,0.0
21,21,1966-09-01,policy_1,19,0.000426,3.5506933262041684e-05,0.9992504537626048,0.9833469375830618,0.0
22,22,1966-10-01,policy_1,19,0.000426,3.5506933262041684e-05,0.999214973443431,0.9825608888719644,0.0
23,23,1966-11-01,policy_1,19,0.000426,3.5506933262041684e-05,0.9991794943840545,0.9817754684971667,0.0
24,24,1966-12-01,policy_1,19,0.000426,3.5506933262041684e-05,0.9991440165844306,0.9809906759564017,0.0
25,25,1967-01-01,policy_1,19,0.000426,3.5506933262041684e-05,0.9991085400445147,0.9802065107478035,0.0
26,26,1967-02-01,policy_1,20,0.00042300000000000004,3.525683594118867e-05,0.9990730647642617,0.9794229723699077,0.0
27,27,1967-03-01,policy_1,20,0.00042300000000000004,3.525683594118867e-05,0.999037840609124,0.9786400603216505,0.0
28,28,1967-04-01,policy_1,20,0.00042300000000000004,3.525683594118867e-05,0.9990026176958786,0.9778577741023687,0.0
29,29,1967-05-01,policy_1,20,0.00042300000000000004,3.525683594118867e-05,0.9989673960244817,0.9770761132117994,0.0
30,30,1967-06-01,policy_1,20,0.00042300000000000004,3.525683594118867e-05,0.9989321755948894,0.9762950771500795,0.0
31,31,1967-07-01,policy_1,20,0.00042300000000000004,3.525683594118867e-05,0.9988969564070581,0.9755146654177453,0.0
32,32,1967-08-01,policy_1,20,0.00042300000000000004,3.525683594118867e-05,0.998861738460944,0.9747348775157328,0.0
33,33,1967-09-01,policy_1,20,0.00042300000000000004,3.525683594118867e-05,0.9988265217565031,0.9739557129453766,0.0
34,34,1967-10-01,policy_1,20,0.00042300000000000004,3.525683594118867e-05,0.9987913062936918,0.97317717120841,0.0
35,35,1967-11-01,policy_1,20,0.00042300000000000004,3.525683594118867e-05,0.9987560920724664,0.9723992518069645,0.0
36,36,1967-12-01,policy_1,20,0.00042300000000000004,3.525683594118867e-05,0.998720879092783,0.9716219542435698,0.0
37,37,1968-01-01,policy_1,20,0.00042300000000000004,3.525683594118867e-05,0.9986856673545977,0.970845278021153,0.0
38,38,1968-02-01,policy_1,21,0.00042,3.5006739308451884e-05,0.998650456857867,0.9700692226430386,0.0
39,39,1968-03-01,policy_1,21,0.00042,3.5006739308451884e-05,0.9986154973616636,0.9692937876129484,0.0
40,40,1968-04-01,policy_1,21,0.00042,3.5006739308451884e-05,0.998580539089278,0.9685189724350005,0.0
41,41,1968-05-01,policy_1,21,0.00042,3.5006739308451884e-05,0.9985455820406677,0.9677447766137096,0.0
42,42,1968-06-01,policy_1,21,0.00042,3.5006739308451884e-05,0.9985106262157896,0.9669711996539865,0.0
43,43,1968-07-01,policy_1,21,0.00042,3.5006739308451884e-05,0.9984756716146009,0.9661982410611376,0.0
44,44,1968-08-01,policy_1,21,0.00042,3.5006739308451884e-05,0.9984407182370589,0.965425900340865,0.0
45,45,1968-09-01,policy_1,21,0.00042,3.5006739308451884e-05,0.9984057660831207,0.9646541769992656,0.0
46,46,1968-10-01,policy_1,21,0.00042,3.5006739308451884e-05,0.9983708151527434,0.9638830705428314,0.0
47,47,1968-11-01,policy_1,21,0.00042,3.5006739308451884e-05,0.9983358654458842,0.9631125804784487,0.0
48,48,1968-12-01,policy_1,21,0.00042,3.5006739308451884e-05,0.9983009169625002,0.9623427063133981,0.0
49,49,1969-01-01,policy_1,21,0.00042,3.5006739308451884e-05,0.9982659697025488,0.9615734475553539,0.0
50,50,1969-02-01,policy_1,22,0.00041799999999999997,3.484000860221048e-05,0.9982310236659869,0.9608048037123841,0.0
51,51,1969-03-01,policy_1,22,0.00041799999999999997,3.484000860221048e-05,0.9981962452885355,0.9600367742929498,0.0
52,52,1969-04-01,policy_1,22,0.00041799999999999997,3.484000860221048e-05,0.998161468122763,0.9592693588059051,0.0
53,53,1969-05-01,policy_1,22,0.00041799999999999997,3.484000860221048e-05,0.9981266921686271,0.9585025567604968,0.0
54,54,1969-06-01,policy_1,22,0.00041799999999999997,3.484000860221048e-05,0.9980919174260859,0.9577363676663638,0.0
55,55,1969-07-01,policy_1,22,0.00041799999999999997,3.484000860221048e-05,0.998057143895097,0.9569707910335371,0.0
56,56,1969-08-01,policy_1,22,0.00041799999999999997,3.484000860221048e-05,0.9980223715756182,0.9562058263724392,0.0
57,57,1969-09-01,policy_1,22,0.00041799999999999997,3.484000860221048e-05,0.9979876004676074,0.9554414731938842,0.0
58,58,1969-10-01,policy_1,22,0.00041799999999999997,3.484000860221048e-05,0.9979528305710221,0.954677731009077,0.0
59,59,1969-11-01,policy_1,22,0.00041799999999999997,3.484000860221048e-05,0.9979180618858204,0.9539145993296134,0.0
60,60,1969-12-01,policy_1,22,0.00041799999999999997,3.484000860221048e-05,0.99788329441196,0.9531520776674796,0.0
61,61,1970-01-01,policy_1,22,0.00041799999999999997,3.484000860221048e-05,0.9978485281493987,0.9523901655350516,0.0
62,62,1970-02-01,policy_1,23,0.000417,3.475664336372031e-05,0.9978137630980943,0.9516288624450956,0.0
63,63,1970-03-01,policy_1,23,0.000417,3.475664336372031e-05,0.9977790824409869,0.9508681679107671,0.0
64,64,1970-04-01,policy_1,23,0.000417,3.475664336372031e-05,0.9977444029892627,0.9501080814456108,0.0
65,65,1970-05-01,policy_1,23,0.000417,3.475664336372031e-05,0.9977097247428799,0.94934860256356,0.0
66,66,1970-06-01,policy_1,23,0.000417,3.475664336372031e-05,0.9976750477017965,0.9485897307789369,0.0
67,67,1970-07-01,policy_1,23,0.000417,3.475664336372031e-05,0.9976403718659707,0.9478314656064518,0.0
68,68,1970-08-01,policy_1,23,0.000417,3.475664336372031e-05,0.9976056972353604,0.947073806561203,0.0
69,69,1970-09-01,policy_1,23,0.000417,3.475664336372031e-05,0.997571023809924,0.9463167531586761,0.0
70,70,1970-10-01,policy_1,23,0.000417,3.475664336372031e-05,0.9975363515896195,0.9455603049147444,0.0
71,71,1970-11-01,policy_1,23,0.000417,3.475664336372031e-05,0.9975016805744049,0.944804461345668,0.0
72,72,1970-12-01,policy_1,23,0.000417,3.475664336372031e-05,0.9974670107642385,0.9440492219680936,0.0
73,73,1971-01-01,policy_1,23,0.000417,3.475664336372031e-05,0.9974323421590783,0.9432945862990545,0.0
74,74,1971-02-01,policy_1,24,0.00041600000000000003,3.46732782017245e-05,0.9973976747588824,0.9425405538559698,0.0
75,75,1971-03-01,policy_1,24,0.00041600000000000003,3.46732782017245e-05,0.9973630917118278,0.9417871241566446,0.0
76,76,1971-04-01,policy_1,24,0.00041600000000000003,3.46732782017245e-05,0.9973285098638808,0.9410342967192692,0.0
77,77,1971-05-01,policy_1,24,0.00041600000000000003,3.46732782017245e-05,0.9972939292149997,0.9402820710624193,0.0
78,78,1971-06-01,policy_1,24,0.00041600000000000003,3.46732782017245e-05,0.9972593497651432,0.9395304467050554,0.0
79,79,1971-07-01,policy_1,24,0.00041600000000000003,3.46732782017245e-05,0.9972247715142695,0.9387794231665222,0.0
80,80,1971-08-01,policy_1,24,0.00041600000000000003,3.46732782017245e-05,0.9971901944623371,0.938028999966549,0.0
81,81,1971-09-01,policy_1,24,0.00041600000000000003,3.46732782017245e-05,0.9971556186093046,0.9372791766252488,0.0
82,82,1971-10-01,policy_1,24,0.00041600000000000003,3.46732782017245e-05,0.9971210439551301,0.9365299526631184,0.0
83,83,1971-11-01,policy_1,24,0.00041600000000000003,3.46732782017245e-05,0.9970864704997723,0.9357813276010377,0.0
84,84,1971-12-01,policy_1,24,0.00041600000000000003,3.46732782017245e-05,0.9970518982431895,0.9350333009602696,0.0
85,85,1972-01-01,policy_1,24,0.00041600000000000003,3.46732782017245e-05,0.9970173271853402,0.9342858722624597,0.0
86,86,1972-02-01,policy_1,25,0.000417,3.475664336372031e-05,0.9969827573261828,0.9335390410296361,0.0
87,87,1972-03-01,policy_1,25,0.000417,3.475664336372031e-05,0.9969481055520466,0.9327928067842088,0.0
88,88,1972-04-01,policy_1,25,0.000417,3.475664336372031e-05,0.9969134549822898,0.9320471690489698,0.0
89,89,1972-05-01,policy_1,25,0.000417,3.475664336372031e-05,0.9968788056168705,0.9313021273470922,0.0
90,90,1972-06-01,policy_1,25,0.000417,3.475664336372031e-05,0.9968441574557468,0.9305576812021306,0.0
91,91,1972-07-01,policy_1,25,0.000417,3.475664336372031e-05,0.9968095104988769,0.9298138301380202,0.0
92,92,1972-08-01,policy_1,25,0.000417,3.475664336372031e-05,0.9967748647462189,0.9290705736790771,0.0
93,93,1972-09-01,policy_1,25,0.000417,3.475664336372031e-05,0.996740220197731,0.9283279113499971,0.0
94,94,1972-10-01,policy_1,25,0.000417,3.475664336372031e-05,0.9967055768533714,0.9275858426758565,0.0
95,95,1972-11-01,policy_1,25,0.000417,3.475664336372031e-05,0.996670934713098,0.9268443671821109,0.0
96,96,1972-12-01,policy_1,25,0.000417,3.475664336372031e-05,0.9966362937768691,0.9261034843945953,0.0
97,97,1973-01-01,policy_1,25,0.000417,3.475664336372031e-05,0.996601654044643,0.9253631938395238,0.0
98,98,1973-02-01,policy_1,26,0.00041799999999999997,3.484000860221048e-05,0.9965670155163776,0.9246234950434891,0.0
99,99,1973-03-01,policy_1,26,0.00041799999999999997,3.484000860221048e-05,0.9965322951129844,0.9238843875334624,0.0
100,100,1973-04-01,policy_1,26,0.00041799999999999997,3.484000860221048e-05,0.9964975759192503,0.923145870836793,0.0
101,101,1973-05-01,policy_1,26,0.00041799999999999997,3.484000860221048e-05,0.9964628579351331,0.9224079444812081,0.0
102,102,1973-06-01,policy_1,26,0.00041799999999999997,3.484000860221048e-05,0.9964281411605909,0.9216706079948124,0.0
103,103,1973-07-01,policy_1,26,0.00041799999999999997,3.484000860221048e-05,0.9963934255955813,0.9209338609060875,0.0
104,104,1973-08-01,policy_1,26,0.00041799999999999997,3.484000860221048e-05,0.9963587112400624,0.9201977027438925,0.0
105,105,1973-09-01,policy_1,26,0.00041799999999999997,3.484000860221048e-05,0.9963239980939919,0.9194621330374626,0.0
106,106,1973-10-01,policy_1,26,0.00041799999999999997,3.484000860221048e-05,0.9962892861573277,0.9187271513164096,0.0
107,107,1973-11-01,policy_1,26,0.00041799999999999997,3.484000860221048e-05,0.9962545754300277,0.917992757110721,0.0
108,108,1973-12-01,policy_1,26,0.00041799999999999997,3.484000860221048e-05,0.9962198659120497,0.9172589499507605,0.0
109,109,1974-01-01,policy_1,26,0.00041799999999999997,3.484000860221048e-05,0.9961851576033516,0.9165257293672667,0.0
110,110,1974-02-01,policy_1,27,0.000421,3.5090104776314135e-05,0.9961504505038913,0.9157930948913537,0.0
111,111,1974-03-01,policy_1,27,0.000421,3.5090104776314135e-05,0.9961154954802102,0.9150610460545102,0.0
112,112,1974-04-01,policy_1,27,0.000421,3.5090104776314135e-05,0.9960805416831044,0.9143295823885994,0.0
113,113,1974-05-01,policy_1,27,0.000421,3.5090104776314135e-05,0.9960455891125312,0.9135987034258588,0.0
114,114,1974-06-01,policy_1,27,0.000421,3.5090104776314135e-05,0.9960106377684472,0.9128684086988997,0.0
115,115,1974-07-01,policy_1,27,0.000421,3.5090104776314135e-05,0.9959756876508096,0.9121386977407072,0.0
116,116,1974-08-01,policy_1,27,0.000421,3.5090104776314135e-05,0.9959407387595752,0.9114095700846396,0.0
117,117,1974-09-01,policy_1,27,0.000421,3.5090104776314135e-05,0.9959057910947011,0.9106810252644282,0.0
118,118,1974-10-01,policy_1,27,0.000421,3.5090104776314135e-05,0.9958708446561443,0.9099530628141769,0.0
119,119,1974-11-01,policy_1,27,0.000421,3.5090104776314135e-05,0.9958358994438616,0.9092256822683623,0.0
120,120,1974-12-01,policy_1,27,0.000421,3.5090104776314135e-05,0.9958009554578101,0.9084988831618329,0.0
121,121,1975-01-01,policy_1,27,0.000421,3.5090104776314135e-05,0.9957660126979467,0.9077726650298091,0.0
122,122,1975-02-01,policy_1,28,0.000425,3.542356741204067e-05,0.9957310711642284,0.9070470274078829,0.0
123,123,1975-03-01,policy_1,28,0.000425,3.542356741204067e-05,0.9956957988175048,0.9063219698320174,0.0
124,124,1975-04-01,policy_1,28,0.000425,3.542356741204067e-05,0.9956605277202535,0.9055974918385467,0.0
125,125,1975-05-01,policy_1,28,0.000425,3.542356741204067e-05,0.9956252578724303,0.9048735929641754,0.0
126,126,1975-06-01,policy_1,28,0.000425,3.542356741204067e-05,0.9955899892739909,0.9041502727459787,0.0
127,127,1975-07-01,policy_1,28,0.000425,3.542356741204067e-05,0.9955547219248911,0.9034275307214017,0.0
128,128,1975-08-01,policy_1,28,0.000425,3.542356741204067e-05,0.9955194558250866,0.9027053664282592,0.0
129,129,1975-09-01,policy_1,28,0.000425,3.542356741204067e-05,0.9954841909745332,0.9019837794047354,0.0
130,130,1975-10-01,policy_1,28,0.000425,3.542356741204067e-05,0.9954489273731866,0.901262769189384,0.0
131,131,1975-11-01,policy_1,28,0.000425,3.542356741204067e-05,0.9954136650210025,0.9005423353211272,0.0
132,132,1975-12-01,policy_1,28,0.000425,3.542356741204067e-05,0.9953784039179367,0.8998224773392558,0.0
133,133,1976-01-01,policy_1,28,0.000425,3.542356741204067e-05,0.9953431440639451,0.8991031947834291,0.0
134,134,1976-02-01,policy_1,29,0.00043,3.584039742687839e-05,0.9953078854589832,0.8983844871936743,0.0
135,135,1976-03-01,policy_1,29,0.00043,3.584039742687839e-05,0.9952722132288062,0.897666354110386,0.0
136,136,1976-04-01,policy_1,29,0.00043,3.584039742687839e-05,0.9952365422771362,0.8969487950743266,0.0
137,137,1976-05-01,policy_1,29,0.00043,3.584039742687839e-05,0.9952008726039272,0.8962318096266253,0.0
138,138,1976-06-01,policy_1,29,0.00043,3.584039742687839e-05,0.9951652042091335,0.8955153973087784,0.0
139,139,1976-07-01,policy_1,29,0.00043,3.584039742687839e-05,0.9951295370927092,0.8947995576626483,0.0
140,140,1976-08-01,policy_1,29,0.00043,3.584039742687839e-05,0.9950938712546086,0.894084290230464,0.0
141,141,1976-09-01,policy_1,29,0.00043,3.584039742687839e-05,0.9950582066947857,0.8933695945548202,0.0
142,142,1976-10-01,policy_1,29,0.00043,3.584039742687839e-05,0.995022543413195,0.8926554701786774,0.0
143,143,1976-11-01,policy_1,29,0.00043,3.584039742687839e-05,0.9949868814097903,0.8919419166453612,0.0
144,144,1976-12-01,policy_1,29,0.00043,3.584039742687839e-05,0.994951220684526,0.8912289334985624,0.0
145,145,1977-01-01,policy_1,29,0.00043,3.584039742687839e-05,0.9949155612373564,0.8905165202823365,0.0
146,146,1977-02-01,policy_1,30,0.00043799999999999997,3.650732942606094e-05,0.9948799030682355,0.8898046765411037,0.0
147,147,1977-03-01,policy_1,30,0.00043799999999999997,3.650732942606094e-05,0.9948435826598748,0.8890934018196481,0.0
148,148,1977-04-01,policy_1,30,0.00043799999999999997,3.650732942606094e-05,0.9948072635774753,0.8883826956631177,0.0
149,149,1977-05-01,policy_1,30,0.00043799999999999997,3.650732942606094e-05,0.9947709458209885,0.8876725576170241,0.0
150,150,1977-06-01,policy_1,30,0.00043799999999999997,3.650732942606094e-05,0.9947346293903659,0.8869629872272424,0.0
151,151,1977-07-01,policy_1,30,0.00043799999999999997,3.650732942606094e-05,0.9946983142855593,0.8862539840400105,0.0
152,152,1977-08-01,policy_1,30,0.00043799999999999997,3.650732942606094e-05,0.9946620005065202,0.885545547601929,0.0
153,153,1977-09-01,policy_1,30,0.00043799999999999997,3.650732942606094e-05,0.9946256880532002,0.8848376774599611,0.0
154,154,1977-10-01,policy_1,30,0.00043799999999999997,3.650732942606094e-05,0.9945893769255508,0.8841303731614321,0.0
155,155,1977-11-01,policy_1,30,0.00043799999999999997,3.650732942606094e-05,0.9945530671235238,0.8834236342540289,0.0
156,156,1977-12-01,policy_1,30,0.00043799999999999997,3.650732942606094e-05,0.9945167586470706,0.8827174602858003,0.0
157,157,1978-01-01,policy_1,30,0.00043799999999999997,3.650732942606094e-05,0.994480451496143,0.8820118508051563,0.0
158,158,1978-02-01,policy_1,31,0.00044800000000000005,3.734100130592388e-05,0.9944441456706924,0.8813068053608677,0.0
159,159,1978-03-01,policy_1,31,0.00044800000000000005,3.734100130592388e-05,0.9944070121305503,0.8806023235020661,0.0
160,160,1978-04-01,policy_1,31,0.00044800000000000005,3.734100130592388e-05,0.9943698799770117,0.8798984047782437,0.0
161,161,1978-05-01,policy_1,31,0.00044800000000000005,3.734100130592388e-05,0.9943327492100249,0.8791950487392524,0.0
162,162,1978-06-01,policy_1,31,0.00044800000000000005,3.734100130592388e-05,0.9942956198295382,0.8784922549353041,0.0
163,163,1978-07-01,policy_1,31,0.00044800000000000005,3.734100130592388e-05,0.9942584918354996,0.8777900229169706,0.0
164,164,1978-08-01,policy_1,31,0.00044800000000000005,3.734100130592388e-05,0.9942213652278575,0.8770883522351826,0.0
165,165,1978-09-01,policy_1,31,0.00044800000000000005,3.734100130592388e-05,0.9941842400065601,0.8763872424412297,0.0
166,166,1978-10-01,policy_1,31,0.00044800000000000005,3.734100130592388e-05,0.9941471161715557,0.8756866930867604,0.0
167,167,1978-11-01,policy_1,31,0.00044800000000000005,3.734100130592388e-05,0.9941099937227925,0.8749867037237814,0.0
168,168,1978-12-01,policy_1,31,0.00044800000000000005,3.734100130592388e-05,0.9940728726602187,0.8742872739046578,0.0
169,169,1979-01-01,policy_1,31,0.00044800000000000005,3.734100130592388e-05,0.9940357529837826,0.8735884031821122,0.0
170,170,1979-02-01,policy_1,32,0.00045999999999999996,3.834141765379773e-05,0.9939986346934322,0.8728900911092249,0.0
171,171,1979-03-01,policy_1,32,0.00045999999999999996,3.834141765379773e-05,0.9939605233766321,0.8721923372394335,0.0
172,172,1979-04-01,policy_1,32,0.00045999999999999996,3.834141765379773e-05,0.9939224135210739,0.8714951411265323,0.0
173,173,1979-05-01,policy_1,32,0.00045999999999999996,3.834141765379773e-05,0.9938843051267017,0.8707985023246726,0.0
174,174,1979-06-01,policy_1,32,0.00045999999999999996,3.834141765379773e-05,0.9938461981934592,0.8701024203883619,0.0
175,175,1979-07-01,policy_1,32,0.00045999999999999996,3.834141765379773e-05,0.9938080927212907,0.869406894872464,0.0
176,176,1979-08-01,policy_1,32,0.00045999999999999996,3.834141765379773e-05,0.9937699887101399,0.8687119253321983,0.0
177,177,1979-09-01,policy_1,32,0.00045999999999999996,3.834141765379773e-05,0.9937318861599509,0.8680175113231399,0.0
178,178,1979-10-01,policy_1,32,0.00045999999999999996,3.834141765379773e-05,0.9936937850706677,0.867323652401219,0.0
179,179,1979-11-01,policy_1,32,0.00045999999999999996,3.834141765379773e-05,0.9936556854422344,0.8666303481227209,0.0
180,180,1979-12-01,policy_1,32,0.00045999999999999996,3.834141765379773e-05,0.9936175872745947,0.8659375980442855,0.0
181,181,1980-01-01,policy_1,32,0.00045999999999999996,3.834141765379773e-05,0.9935794905676929,0.8652454017229072,0.0
182,182,1980-02-01,policy_1,33,0.00047400000000000003,3.950858397461232e-05,0.9935413953214728,0.8645537587159345,0.0
183,183,1980-03-01,policy_1,33,0.00047400000000000003,3.950858397461232e-05,0.9935021419078235,0.8638626685810697,0.0
184,184,1980-04-01,policy_1,33,0.00047400000000000003,3.950858397461232e-05,0.993462890045021,0.8631721308763687,0.0
185,185,1980-05-01,policy_1,33,0.00047400000000000003,3.950858397461232e-05,0.993423639733004,0.8624821451602406,0.0
186,186,1980-06-01,policy_1,33,0.00047400000000000003,3.950858397461232e-05,0.9933843909717112,0.8617927109914475,0.0
187,187,1980-07-01,policy_1,33,0.00047400000000000003,3.950858397461232e-05,0.9933451437610814,0.8611038279291043,0.0
188,188,1980-08-01,policy_1,33,0.00047400000000000003,3.950858397461232e-05,0.9933058981010533,0.8604154955326783,0.0
189,189,1980-09-01,policy_1,33,0.00047400000000000003,3.950858397461232e-05,0.9932666539915657,0.8597277133619887,0.0
190,190,1980-10-01,policy_1,33,0.00047400000000000003,3.950858397461232e-05,0.9932274114325572,0.859040480977207,0.0
191,191,1980-11-01,policy_1,33,0.00047400000000000003,3.950858397461232e-05,0.9931881704239668,0.858353797938856,0.0
192,192,1980-12-01,policy_1,33,0.00047400000000000003,3.950858397461232e-05,0.993148930965733,0.8576676638078099,0.0
193,193,1981-01-01,policy_1,33,0.00047400000000000003,3.950858397461232e-05,0.9931096930577946,0.8569820781452937,0.0
194,194,1981-02-01,policy_1,34,0.000492,4.100924840721998e-05,0.9930704567000904,0.8562970405128835,0.0
195,195,1981-03-01,policy_1,34,0.000492,4.100924840721998e-05,0.9930297316270458,0.8556125504725055,0.0
196,196,1981-04-01,policy_1,34,0.000492,4.100924840721998e-05,0.9929890082241057,0.8549286075864364,0.0
197,197,1981-05-01,policy_1,34,0.000492,4.100924840721998e-05,0.9929482864912018,0.8542452114173026,0.0
198,198,1981-06-01,policy_1,34,0.000492,4.100924840721998e-05,0.9929075664282656,0.8535623615280802,0.0
199,199,1981-07-01,policy_1,34,0.000492,4.100924840721998e-05,0.9928668480352285,0.8528800574820946,0.0
200,200,1981-08-01,policy_1,34,0.000492,4.100924840721998e-05,0.9928261313120221,0.8521982988430202,0.0
201,201,1981-09-01,policy_1,34,0.000492,4.100924840721998e-05,0.992785416258578,0.8515170851748805,0.0
202,202,1981-10-01,policy_1,34,0.000492,4.100924840721998e-05,0.9927447028748275,0.8508364160420469,0.0
203,203,1981-11-01,policy_1,34,0.000492,4.100924840721998e-05,0.9927039911607024,0.8501562910092395,0.0
204,204,1981-12-01,policy_1,34,0.000492,4.100924840721998e-05,0.9926632811161341,0.8494767096415263,0.0
205,205,1982-01-01,policy_1,34,0.000492,4.100924840721998e-05,0.9926225727410541,0.848797671504323,0.0
206,206,1982-02-01,policy_1,35,0.0005139999999999999,4.28434274677425e-05,0.992581866035394,0.8481191761633923,0.0
207,207,1982-03-01,policy_1,35,0.0005139999999999999,4.28434274677425e-05,0.9925393404262107,0.8474412231848445,0.0
208,208,1982-04-01,policy_1,35,0.0005139999999999999,4.28434274677425e-05,0.9924968166389703,0.8467638121351364,0.0
209,209,1982-05-01,policy_1,35,0.0005139999999999999,4.28434274677425e-05,0.9924542946735946,0.8460869425810716,0.0
210,210,1982-06-01,policy_1,35,0.0005139999999999999,4.28434274677425e-05,0.9924117745300057,0.8454106140897999,0.0
211,211,1982-07-01,policy_1,35,0.0005139999999999999,4.28434274677425e-05,0.9923692562081255,0.8447348262288169,0.0
212,212,1982-08-01,policy_1,35,0.0005139999999999999,4.28434274677425e-05,0.992326739707876,0.8440595785659643,0.0
213,213,1982-09-01,policy_1,35,0.0005139999999999999,4.28434274677425e-05,0.992284225029179,0.8433848706694288,0.0
214,214,1982-10-01,policy_1,35,0.0005139999999999999,4.28434274677425e-05,0.9922417121719566,0.8427107021077427,0.0
215,215,1982-11-01,policy_1,35,0.0005139999999999999,4.28434274677425e-05,0.9921992011361307,0.8420370724497829,0.0
216,216,1982-12-01,policy_1,35,0.0005139999999999999,4.28434274677425e-05,0.9921566919216233,0.8413639812647711,0.0
217,217,1983-01-01,policy_1,35,0.0005139999999999999,4.28434274677425e-05,0.9921141845283563,0.8406914281222734,0.0
218,218,1983-02-01,policy_1,36,0.00054,4.501114134392026e-05,0.9920716789562517,0.8400194125921997,0.0
219,219,1983-03-01,policy_1,36,0.00054,4.501114134392026e-05,0.9920270246776869,0.8393479342448039,0.0
220,220,1983-04-01,policy_1,36,0.00054,4.501114134392026e-05,0.9919823724090622,0.8386769926506834,0.0
221,221,1983-05-01,policy_1,36,0.00054,4.501114134392026e-05,0.991937722150287,0.8380065873807788,0.0
222,222,1983-06-01,policy_1,36,0.00054,4.501114134392026e-05,0.9918930739012709,0.8373367180063738,0.0
223,223,1983-07-01,policy_1,36,0.00054,4.501114134392026e-05,0.9918484276619235,0.8366673840990946,0.0
224,224,1983-08-01,policy_1,36,0.00054,4.501114134392026e-05,0.9918037834321543,0.83599858523091,0.0
225,225,1983-09-01,policy_1,36,0.00054,4.501114134392026e-05,0.9917591412118727,0.8353303209741307,0.0
226,226,1983-10-01,policy_1,36,0.00054,4.501114134392026e-05,0.9917145010009885,0.8346625909014097,0.0
227,227,1983-11-01,policy_1,36,0.00054,4.501114134392026e-05,0.991669862799411,0.8339953945857412,0.0
228,228,1983-12-01,policy_1,36,0.00054,4.501114134392026e-05,0.9916252266070501,0.833328731600461,0.0
229,229,1984-01-01,policy_1,36,0.00054,4.501114134392026e-05,0.9915805924238151,0.8326626015192456,0.0
230,230,1984-02-01,policy_1,37,0.00057,4.751241389600036e-05,0.9915359602496157,0.8319970039161129,0.0
231,231,1984-03-01,policy_1,37,0.00057,4.751241389600036e-05,0.9914888499826795,0.8313319383654206,0.0
232,232,1984-04-01,policy_1,37,0.00057,4.751241389600036e-05,0.9914417419540659,0.8306674044418673,0.0
233,233,1984-05-01,policy_1,37,0.00057,4.751241389600036e-05,0.9913946361636684,0.8300034017204909,0.0
234,234,1984-06-01,policy_1,37,0.00057,4.751241389600036e-05,0.9913475326113808,0.8293399297766697,0.0
235,235,1984-07-01,policy_1,37,0.00057,4.751241389600036e-05,0.9913004312970966,0.8286769881861209,0.0
236,236,1984-08-01,policy_1,37,0.00057,4.751241389600036e-05,0.9912533322207094,0.8280145765249011,0.0
237,237,1984-09-01,policy_1,37,0.00057,4.751241389600036e-05,0.9912062353821132,0.8273526943694056,0.0
238,238,1984-10-01,policy_1,37,0.00057,4.751241389600036e-05,0.9911591407812014,0.8266913412963686,0.0
239,239,1984-11-01,policy_1,37,0.00057,4.751241389600036e-05,0.9911120484178678,0.8260305168828623,0.0
240,240,1984-12-01,policy_1,37,0.00057,4.751241389600036e-05,0.991064958292006,0.8253702207062974,0.0
241,241,1985-01-01,policy_1,37,0.00057,4.751241389600036e-05,0.9910178704035099,0.824710452344422,0.0
242,242,1985-02-01,policy_1,38,0.000606,5.051403180789116e-05,0.990970784752273,0.8240512113753218,0.0
243,243,1985-03-01,policy_1,38,0.000606,5.051403180789116e-05,0.9909207268225313,0.8233924973774199,0.0
244,244,1985-04-01,policy_1,38,0.000606,5.051403180789116e-05,0.9908706714214175,0.8227343099294764,0.0
245,245,1985-05-01,policy_1,38,0.000606,5.051403180789116e-05,0.9908206185488038,0.8220766486105879,0.0
246,246,1985-06-01,policy_1,38,0.000606,5.051403180789116e-05,0.9907705682045624,0.8214195130001879,0.0
247,247,1985-07-01,policy_1,38,0.000606,5.051403180789116e-05,0.9907205203885658,0.8207629026780455,0.0
248,248,1985-08-01,policy_1,38,0.000606,5.051403180789116e-05,0.9906704751006862,0.8201068172242661,0.0
249,249,1985-09-01,policy_1,38,0.000606,5.051403180789116e-05,0.9906204323407958,0.8194512562192908,0.0
250,250,1985-10-01,policy_1,38,0.000606,5.051403180789116e-05,0.990570392108767,0.8187962192438958,0.0
251,251,1985-11-01,policy_1,38,0.000606,5.051403180789116e-05,0.9905203544044721,0.8181417058791925,0.0
252,252,1985-12-01,policy_1,38,0.000606,5.051403180789116e-05,0.9904703192277833,0.8174877157066274,0.0
253,253,1986-01-01,policy_1,38,0.000606,5.051403180789116e-05,0.9904202865785731,0.816834248307981,0.0
254,254,1986-02-01,policy_1,39,0.000648,5.401604464283505e-05,0.9903702564567136,0.8161813032653688,0.0
255,255,1986-03-01,policy_1,39,0.000648,5.401604464283505e-05,0.9903167605727279,0.8155288801612398,0.0
256,256,1986-04-01,policy_1,39,0.000648,5.401604464283505e-05,0.9902632675783782,0.8148769785783772,0.0
257,257,1986-05-01,policy_1,39,0.000648,5.401604464283505e-05,0.9902097774735086,0.8142255980998973,0.0
258,258,1986-06-01,policy_1,39,0.000648,5.401604464283505e-05,0.9901562902579628,0.81357473830925,0.0
259,259,1986-07-01,policy_1,39,0.000648,5.401604464283505e-05,0.9901028059315848,0.8129243987902178,0.0
260,260,1986-08-01,policy_1,39,0.000648,5.401604464283505e-05,0.9900493244942187,0.8122745791269164,0.0
261,261,1986-09-01,policy_1,39,0.000648,5.401604464283505e-05,0.9899958459457082,0.8116252789037934,0.0
262,262,1986-10-01,policy_1,39,0.000648,5.401604464283505e-05,0.9899423702858974,0.810976497705629,0.0
263,263,1986-11-01,policy_1,39,0.000648,5.401604464283505e-05,0.9898888975146302,0.810328235117535,0.0
264,264,1986-12-01,policy_1,39,0.000648,5.401604464283505e-05,0.9898354276317506,0.8096804907249552,0.0
265,265,1987-01-01,policy_1,39,0.000648,5.401604464283505e-05,0.9897819606371026,0.8090332641136643,0.0
266,266,1987-02-01,policy_1,40,0.000697,5.8101896805107245e-05,0.9897284965305301,0.8083865548697685,0.0
267,267,1987-03-01,policy_1,40,0.000697,5.8101896805107245e-05,0.9896709914275595,0.8077403625797048,0.0
268,268,1987-04-01,policy_1,40,0.000697,5.8101896805107245e-05,0.9896134896657446,0.8070946868302407,0.0
269,269,1987-05-01,policy_1,40,0.000697,5.8101896805107245e-05,0.9895559912448911,0.806449527208474,0.0
270,270,1987-06-01,policy_1,40,0.000697,5.8101896805107245e-05,0.9894984961648049,0.8058048833018325,0.0
271,271,1987-07-01,policy_1,40,0.000697,5.8101896805107245e-05,0.9894410044252919,0.8051607546980741,0.0
272,272,1987-08-01,policy_1,40,0.000697,5.8101896805107245e-05,0.989383516026158,0.8045171409852859,0.0
273,273,1987-09-01,policy_1,40,0.000697,5.8101896805107245e-05,0.9893260309672092,0.8038740417518845,0.0
274,274,1987-10-01,policy_1,40,0.000697,5.8101896805107245e-05,0.9892685492482514,0.8032314565866152,0.0
275,275,1987-11-01,policy_1,40,0.000697,5.8101896805107245e-05,0.9892110708690904,0.8025893850785525,0.0
276,276,1987-12-01,policy_1,40,0.000697,5.8101896805107245e-05,0.9891535958295323,0.8019478268170989,0.0
277,277,1988-01-01,policy_1,40,0.000697,5.8101896805107245e-05,0.9890961241293831,0.8013067813919853,0.0
278,278,1988-02-01,policy_1,41,0.000754,6.285505795200486e-05,0.9890386557684486,0.8006662483932707,0.0
279,279,1988-03-01,policy_1,41,0.000754,6.285505795200486e-05,0.9889764896864235,0.8000262274113417,0.0
280,280,1988-04-01,policy_1,41,0.000754,6.285505795200486e-05,0.988914327511851,0.7993867180369122,0.0
281,281,1988-05-01,policy_1,41,0.000754,6.285505795200486e-05,0.9888521692444857,0.7987477198610234,0.0
282,282,1988-06-01,policy_1,41,0.000754,6.285505795200486e-05,0.9887900148840819,0.7981092324750435,0.0
283,283,1988-07-01,policy_1,41,0.000754,6.285505795200486e-05,0.9887278644303941,0.797471255470667,0.0
284,284,1988-08-01,policy_1,41,0.000754,6.285505795200486e-05,0.9886657178831765,0.7968337884399151,0.0
285,285,1988-09-01,policy_1,41,0.000754,6.285505795200486e-05,0.9886035752421838,0.7961968309751352,0.0
286,286,1988-10-01,policy_1,41,0.000754,6.285505795200486e-05,0.9885414365071704,0.795560382669,0.0
287,287,1988-11-01,policy_1,41,0.000754,6.285505795200486e-05,0.9884793016778908,0.7949244431145085,0.0
288,288,1988-12-01,policy_1,41,0.000754,6.285505795200486e-05,0.9884171707540994,0.7942890119049846,0.0
289,289,1989-01-01,policy_1,41,0.000754,6.285505795200486e-05,0.9883550437355509,0.7936540886340774,0.0
290,290,1989-02-01,policy_1,42,0.00082,6.835902874036126e-05,0.9882929206219998,0.7930196728957608,0.0
291,291,1989-03-01,policy_1,42,0.00082,6.835902874036126e-05,0.9882253618778352,0.7923857642843334,0.0
292,292,1989-04-01,policy_1,42,0.00082,6.835902874036126e-05,0.9881578077519206,0.7917523623944179,0.0
293,293,1989-05-01,policy_1,42,0.00082,6.835902874036126e-05,0.9880902582439405,0.7911194668209612,0.0
294,294,1989-06-01,policy_1,42,0.00082,6.835902874036126e-05,0.9880227133535792,0.7904870771592339,0.0
295,295,1989-07-01,policy_1,42,0.00082,6.835902874036126e-05,0.9879551730805209,0.7898551930048302,0.0
296,296,1989-08-01,policy_1,42,0.00082,6.835902874036126e-05,0.9878876374244502,0.7892238139536674,0.0
297,297,1989-09-01,policy_1,42,0.00082,6.835902874036126e-05,0.9878201063850512,0.7885929396019858,0.0
298,298,1989-10-01,policy_1,42,0.00082,6.835902874036126e-05,0.9877525799620086,0.7879625695463488,0.0
299,299,1989-11-01,policy_1,42,0.00082,6.835902874036126e-05,0.9876850581550066,0.7873327033836419,0.0
300,300,1989-12-01,policy_1,42,0.00082,6.835902874036126e-05,0.9876175409637298,0.7867033407110732,0.0
301,301,1990-01-01,policy_1,42,0.00082,6.835902874036126e-05,0.9875500283878625,0.7860744811261723,0.0
302,302,1990-02-01,policy_1,43,0.0008960000000000001,7.4697347342223e-05,0.9874825204270894,0.7854461242267909,0.0
303,303,1990-03-01,policy_1,43,0.0008960000000000001,7.4697347342223e-05,0.9874087581022667,0.7848182696111021,0.0
304,304,1990-04-01,policy_1,43,0.0008960000000000001,7.4697347342223e-05,0.987335001287294,0.7841909168776001,0.0
305,305,1990-05-01,policy_1,43,0.0008960000000000001,7.4697347342223e-05,0.9872612499817597,0.7835640656251001,0.0
306,306,1990-06-01,policy_1,43,0.0008960000000000001,7.4697347342223e-05,0.9871875041852523,0.7829377154527379,0.0
307,307,1990-07-01,policy_1,43,0.0008960000000000001,7.4697347342223e-05,0.9871137638973603,0.78231186595997,0.0
308,308,1990-08-01,policy_1,43,0.0008960000000000001,7.4697347342223e-05,0.9870400291176722,0.7816865167465729,0.0
309,309,1990-09-01,policy_1,43,0.0008960000000000001,7.4697347342223e-05,0.9869662998457766,0.7810616674126428,0.0
310,310,1990-10-01,policy_1,43,0.0008960000000000001,7.4697347342223e-05,0.9868925760812619,0.780437317558596,0.0
311,311,1990-11-01,policy_1,43,0.0008960000000000001,7.4697347342223e-05,0.9868188578237169,0.7798134667851679,0.0
312,312,1990-12-01,policy_1,43,0.0008960000000000001,7.4697347342223e-05,0.9867451450727303,0.7791901146934133,0.0
313,313,1991-01-01,policy_1,43,0.0008960000000000001,7.4697347342223e-05,0.9866714378278905,0.7785672608847055,0.0
314,314,1991-02-01,policy_1,44,0.000984,8.203700526598912e-05,0.9865977360887864,0.777944904960737,0.0
315,315,1991-03-01,policy_1,44,0.000984,8.203700526598912e-05,0.9865167985651155,0.7773230465235182,0.0
316,316,1991-04-01,policy_1,44,0.000984,8.203700526598912e-05,0.9864358676813166,0.776701685175378,0.0
317,317,1991-05-01,policy_1,44,0.000984,8.203700526598912e-05,0.9863549434368452,0.7760808205189629,0.0
318,318,1991-06-01,policy_1,44,0.000984,8.203700526598912e-05,0.9862740258311563,0.7754604521572371,0.0
319,319,1991-07-01,policy_1,44,0.000984,8.203700526598912e-05,0.9861931148637055,0.7748405796934824,0.0
320,320,1991-08-01,policy_1,44,0.000984,8.203700526598912e-05,0.9861122105339482,0.7742212027312975,0.0
321,321,1991-09-01,policy_1,44,0.000984,8.203700526598912e-05,0.9860313128413397,0.7736023208745979,0.0
322,322,1991-10-01,policy_1,44,0.000984,8.203700526598912e-05,0.9859504217853358,0.7729839337276159,0.0
323,323,1991-11-01,policy_1,44,0.000984,8.203700526598912e-05,0.9858695373653917,0.7723660408949,0.0
324,324,1991-12-01,policy_1,44,0.000984,8.203700526598912e-05,0.9857886595809633,0.771748641981315,0.0
325,325,1992-01-01,policy_1,44,0.000984,8.203700526598912e-05,0.9857077884315061,0.7711317365920414,0.0
326,326,1992-02-01,policy_1,45,0.001085,9.046166131465583e-05,0.9856269239164758,0.7705153243325754,0.0
327,327,1992-03-01,policy_1,45,0.001085,9.046166131465583e-05,0.9855377624675018,0.7698994048087285,0.0
328,328,1992-04-01,policy_1,45,0.001085,9.046166131465583e-05,0.9854486090842206,0.7692839776266273,0.0
329,329,1992-05-01,policy_1,45,0.001085,9.046166131465583e-05,0.9853594637659027,0.7686690423927132,0.0
330,330,1992-06-01,policy_1,45,0.001085,9.046166131465583e-05,0.9852703265118182,0.7680545987137423,0.0
331,331,1992-07-01,policy_1,45,0.001085,9.046166131465583e-05,0.985181197321238,0.7674406461967849,0.0
332,332,1992-08-01,policy_1,45,0.001085,9.046166131465583e-05,0.9850920761934323,0.7668271844492256,0.0
333,333,1992-09-01,policy_1,45,0.001085,9.046166131465583e-05,0.985002963127672,0.7662142130787627,0.0
334,334,1992-10-01,policy_1,45,0.001085,9.046166131465583e-05,0.9849138581232276,0.7656017316934081,0.0
335,335,1992-11-01,policy_1,45,0.001085,9.046166131465583e-05,0.98482476117937,0.7649897399014869,0.0
336,336,1992-12-01,policy_1,45,0.001085,9.046166131465583e-05,0.98473567229537,0.7643782373116377,0.0
337,337,1993-01-01,policy_1,45,0.001085,9.046166131465583e-05,0.9846465914704983,0.7637672235328115,0.0
338,338,1993-02-01,policy_1,46,0.001201,0.0001001384673474659,0.9845575187040261,0.7631566981742721,0.0
339,339,1993-03-01,policy_1,46,0.001201,0.0001001384673474659,0.9844589266230876,0.7625466608455957,0.0
340,340,1993-04-01,policy_1,46,0.001201,0.0001001384673474659,0.9843603444150091,0.7619371111566705,0.0
341,341,1993-05-01,policy_1,46,0.001201,0.0001001384673474659,0.9842617720788017,0.7613280487176964,0.0
342,342,1993-06-01,policy_1,46,0.001201,0.0001001384673474659,0.984163209613477,0.7607194731391852,0.0
343,343,1993-07-01,policy_1,46,0.001201,0.0001001384673474659,0.9840646570180466,0.7601113840319597,0.0
344,344,1993-08-01,policy_1,46,0.001201,0.0001001384673474659,0.983966114291522,0.759503781007154,0.0
345,345,1993-09-01,policy_1,46,0.001201,0.0001001384673474659,0.9838675814329151,0.7588966636762131,0.0
346,346,1993-10-01,policy_1,46,0.001201,0.0001001384673474659,0.9837690584412375,0.7582900316508925,0.0
347,347,1993-11-01,policy_1,46,0.001201,0.0001001384673474659,0.9836705453155014,0.757683884543258,0.0
348,348,1993-12-01,policy_1,46,0.001201,0.0001001384673474659,0.9835720420547186,0.7570782219656855,0.0
349,349,1994-01-01,policy_1,46,0.001201,0.0001001384673474659,0.9834735486579014,0.7564730435308609,0.0
350,350,1994-02-01,policy_1,47,0.001333,0.00011115125847616092,0.983375065124062,0.7558683488517796,0.0
351,351,1994-03-01,policy_1,47,0.001333,0.00011115125847616092,0.9832657617480194,0.7552641375417463,0.0
352,352,1994-04-01,policy_1,47,0.001333,0.00011115125847616092,0.9831564705211846,0.7546604092143748,0.0
353,353,1994-05-01,policy_1,47,0.001333,0.00011115125847616092,0.9830471914422072,0.754057163483588,0.0
354,354,1994-06-01,policy_1,47,0.001333,0.00011115125847616092,0.9829379245097369,0.7534543999636172,0.0
355,355,1994-07-01,policy_1,47,0.001333,0.00011115125847616092,0.9828286697224238,0.752852118269002,0.0
356,356,1994-08-01,policy_1,47,0.001333,0.00011115125847616092,0.9827194270789177,0.7522503180145904,0.0
357,357,1994-09-01,policy_1,47,0.001333,0.00011115125847616092,0.9826101965778689,0.751648998815538,0.0
358,358,1994-10-01,policy_1,47,0.001333,0.00011115125847616092,0.9825009782179277,0.7510481602873083,0.0
359,359,1994-11-01,policy_1,47,0.001333,0.00011115125847616092,0.9823917719977447,0.7504478020456717,0.0
360,360,1994-12-01,policy_1,47,0.001333,0.00011115125847616092,0.9822825779159706,0.7498479237067064,0.0
361,361,1995-01-01,policy_1,47,0.001333,0.00011115125847616092,0.9821733959712561,0.749248524886797,0.0
362,362,1995-02-01,policy_1,48,0.001484,0.00012375086044691397,0.9820642261622521,0.748649605202635,0.0
363,363,1995-03-01,policy_1,48,0.001484,0.00012375086044691397,0.9819426948692503,0.7480511642712181,0.0
364,364,1995-04-01,policy_1,48,0.001484,0.00012375086044691397,0.9818211786158507,0.7474532017098503,0.0
365,365,1995-05-01,policy_1,48,0.001484,0.00012375086044691397,0.981699677400192,0.7468557171361414,0.0
366,366,1995-06-01,policy_1,48,0.001484,0.00012375086044691397,0.9815781912204133,0.746258710168007,0.0
367,367,1995-07-01,policy_1,48,0.001484,0.00012375086044691397,0.9814567200746539,0.7456621804236682,0.0
368,368,1995-08-01,policy_1,48,0.001484,0.00012375086044691397,0.9813352639610533,0.7450661275216509,0.0
369,369,1995-09-01,policy_1,48,0.001484,0.00012375086044691397,0.9812138228777513,0.7444705510807863,0.0
370,370,1995-10-01,policy_1,48,0.001484,0.00012375086044691397,0.9810923968228877,0.7438754507202102,0.0
371,371,1995-11-01,policy_1,48,0.001484,0.00012375086044691397,0.980970985794603,0.7432808260593627,0.0
372,372,1995-12-01,policy_1,48,0.001484,0.00012375086044691397,0.9808495897910374,0.7426866767179884,0.0
373,373,1996-01-01,policy_1,48,0.001484,0.00012375086044691397,0.9807282088103317,0.7420930023161355,0.0
374,374,1996-02-01,policy_1,49,0.001656,0.0001381048529510709,0.9806068428506269,0.7414998024741563,0.0
375,375,1996-03-01,policy_1,49,0.001656,0.0001381048529510709,0.9804714162867922,0.7409070768127062,0.0
376,376,1996-04-01,policy_1,49,0.001656,0.0001381048529510709,0.9803360084260232,0.740314824952744,0.0
377,377,1996-05-01,policy_1,49,0.001656,0.0001381048529510709,0.9802006192657369,0.7397230465155317,0.0
378,378,1996-06-01,policy_1,49,0.001656,0.0001381048529510709,0.9800652488033507,0.7391317411226336,0.0
379,379,1996-07-01,policy_1,49,0.001656,0.0001381048529510709,0.9799298970362822,0.7385409083959169,0.0
380,380,1996-08-01,policy_1,49,0.001656,0.0001381048529510709,0.9797945639619496,0.7379505479575509,0.0
381,381,1996-09-01,policy_1,49,0.001656,0.0001381048529510709,0.9796592495777714,0.737360659430007,0.0
382,382,1996-10-01,policy_1,49,0.001656,0.0001381048529510709,0.9795239538811663,0.7367712424360582,0.0
383,383,1996-11-01,policy_1,49,0.001656,0.0001381048529510709,0.9793886768695536,0.7361822965987792,0.0
384,384,1996-12-01,policy_1,49,0.001656,0.0001381048529510709,0.9792534185403525,0.7355938215415461,0.0
385,385,1997-01-01,policy_1,49,0.001656,0.0001381048529510709,0.9791181788909832,0.7350058168880357,0.0
386,386,1997-02-01,policy_1,50,0.001852,0.0001544644918267668,0.9789829579188657,0.7344182822622259,0.0
387,387,1997-03-01,policy_1,50,0.001852,0.0001544644918267668,0.9788317398137637,0.7338312172883953,0.0
388,388,1997-04-01,policy_1,50,0.001852,0.0001544644918267668,0.9786805450664895,0.7332446215911225,0.0
389,389,1997-05-01,policy_1,50,0.001852,0.0001544644918267668,0.9785293736734351,0.7326584947952863,0.0
390,390,1997-06-01,policy_1,50,0.001852,0.0001544644918267668,0.9783782256309931,0.7320728365260656,0.0
391,391,1997-07-01,policy_1,50,0.001852,0.0001544644918267668,0.9782271009355566,0.7314876464089385,0.0
392,392,1997-08-01,policy_1,50,0.001852,0.0001544644918267668,0.9780759995835194,0.7309029240696828,0.0
393,393,1997-09-01,policy_1,50,0.001852,0.0001544644918267668,0.9779249215712758,0.7303186691343754,0.0
394,394,1997-10-01,policy_1,50,0.001852,0.0001544644918267668,0.9777738668952205,0.7297348812293919,0.0
395,395,1997-11-01,policy_1,50,0.001852,0.0001544644918267668,0.977622835551749,0.7291515599814068,0.0
396,396,1997-12-01,policy_1,50,0.001852,0.0001544644918267668,0.9774718275372573,0.7285687050173929,0.0
397,397,1998-01-01,policy_1,50,0.001852,0.0001544644918267668,0.9773208428481417,0.7279863159646213,0.0
398,398,1998-02-01,policy_1,51,0.002074,0.0001729978438458346,0.9771698814807994,0.7274043924506608,0.0
399,399,1998-03-01,policy_1,51,0.002074,0.0001729978438458346,0.9770008331982322,0.7268229341033782,0.0
400,400,1998-04-01,policy_1,51,0.002074,0.0001729978438458346,0.9768318141606532,0.7262419405509375,0.0
401,401,1998-05-01,policy_1,51,0.002074,0.0001729978438458346,0.9766628243630034,0.7256614114218001,0.0
402,402,1998-06-01,policy_1,51,0.002074,0.0001729978438458346,0.9764938638002243,0.7250813463447243,0.0
403,403,1998-07-01,policy_1,51,0.002074,0.0001729978438458346,0.9763249324672582,0.7245017449487654,0.0
404,404,1998-08-01,policy_1,51,0.002074,0.0001729978438458346,0.9761560303590484,0.7239226068632748,0.0
405,405,1998-09-01,policy_1,51,0.002074,0.0001729978438458346,0.9759871574705392,0.7233439317179006,0.0
406,406,1998-10-01,policy_1,51,0.002074,0.0001729978438458346,0.9758183137966756,0.7227657191425866,0.0
407,407,1998-11-01,policy_1,51,0.002074,0.0001729978438458346,0.9756494993324035,0.7221879687675726,0.0
408,408,1998-12-01,policy_1,51,0.002074,0.0001729978438458346,0.9754807140726698,0.721610680223394,0.0
409,409,1999-01-01,policy_1,51,0.002074,0.0001729978438458346,0.975311958012422,0.7210338531408814,0.0
410,410,1999-02-01,policy_1,52,0.002326,0.0001940402834234023,0.9751432311466087,0.7204574871511605,0.0
411,411,1999-03-01,policy_1,52,0.002326,0.0001940402834234023,0.9749540140776586,0.7198815818856521,0.0
412,412,1999-04-01,policy_1,52,0.002326,0.0001940402834234023,0.9747648337244421,0.7193061369760713,0.0
413,413,1999-05-01,policy_1,52,0.002326,0.0001940402834234023,0.974575690079835,0.7187311520544278,0.0
414,414,1999-06-01,policy_1,52,0.002326,0.0001940402834234023,0.9743865831367143,0.7181566267530255,0.0
415,415,1999-07-01,policy_1,52,0.002326,0.0001940402834234023,0.9741975128879585,0.717582560704462,0.0
416,416,1999-08-01,policy_1,52,0.002326,0.0001940402834234023,0.9740084793264474,0.7170089535416287,0.0
417,417,1999-09-01,policy_1,52,0.002326,0.0001940402834234023,0.9738194824450621,0.7164358048977106,0.0
418,418,1999-10-01,policy_1,52,0.002326,0.0001940402834234023,0.9736305222366852,0.7158631144061858,0.0
419,419,1999-11-01,policy_1,52,0.002326,0.0001940402834234023,0.9734415986942008,0.7152908817008252,0.0
420,420,1999-12-01,policy_1,52,0.002326,0.0001940402834234023,0.973252711810494,0.7147191064156927,0.0
421,421,2000-01-01,policy_1,52,0.002326,0.0001940402834234023,0.9730638615784517,0.7141477881851447,0.0
422,422,2000-02-01,policy_1,53,0.002611,0.00021784415230652332,0.9728750479909619,0.7135769266438297,0.0
423,423,2000-03-01,policy_1,53,0.002611,0.00021784415230652332,0.9726631128508322,0.7130065214266884,0.0
424,424,2000-04-01,policy_1,53,0.002611,0.00021784415230652332,0.9724512238795333,0.7124365721689533,0.0
425,425,2000-05-01,policy_1,53,0.002611,0.00021784415230652332,0.9722393810670078,0.7118670785061484,0.0
426,426,2000-06-01,policy_1,53,0.002611,0.00021784415230652332,0.9720275844032003,0.7112980400740891,0.0
427,427,2000-07-01,policy_1,53,0.002611,0.00021784415230652332,0.9718158338780574,0.7107294565088821,0.0
428,428,2000-08-01,policy_1,53,0.002611,0.00021784415230652332,0.9716041294815282,0.7101613274469246,0.0
429,429,2000-09-01,policy_1,53,0.002611,0.00021784415230652332,0.9713924712035638,0.7095936525249048,0.0
430,430,2000-10-01,policy_1,53,0.002611,0.00021784415230652332,0.9711808590341174,0.709026431379801,0.0
431,431,2000-11-01,policy_1,53,0.002611,0.00021784415230652332,0.9709692929631448,0.708459663648882,0.0
432,432,2000-12-01,policy_1,53,0.002611,0.00021784415230652332,0.9707577729806036,0.7078933489697063,0.0
433,433,2001-01-01,policy_1,53,0.002611,0.00021784415230652332,0.9705462990764537,0.7073274869801223,0.0
434,434,2001-02-01,policy_1,54,0.002934,0.0002448294090160452,0.9703348712406572,0.7067620773182677,0.0
435,435,2001-03-01,policy_1,54,0.002934,0.0002448294090160452,0.9700973047275837,0.7061971196225697,0.0
436,436,2001-04-01,policy_1,54,0.002934,0.0002448294090160452,0.9698597963777792,0.7056326135317443,0.0
437,437,2001-05-01,policy_1,54,0.002934,0.0002448294090160452,0.9696223461770036,0.7050685586847966,0.0
438,438,2001-06-01,policy_1,54,0.002934,0.0002448294090160452,0.9693849541110203,0.7045049547210198,0.0
439,439,2001-07-01,policy_1,54,0.002934,0.0002448294090160452,0.9691476201655963,0.7039418012799958,0.0
440,440,2001-08-01,policy_1,54,0.002934,0.0002448294090160452,0.9689103443265018,0.7033790980015946,0.0
441,441,2001-09-01,policy_1,54,0.002934,0.0002448294090160452,0.9686731265795108,0.7028168445259739,0.0
442,442,2001-10-01,policy_1,54,0.002934,0.0002448294090160452,0.9684359669104006,0.7022550404935791,0.0
443,443,2001-11-01,policy_1,54,0.002934,0.0002448294090160452,0.968198865304952,0.7016936855451431,0.0
444,444,2001-12-01,policy_1,54,0.002934,0.0002448294090160452,0.9679618217489494,0.7011327793216858,0.0
445,445,2002-01-01,policy_1,54,0.002934,0.0002448294090160452,0.9677248362281805,0.7005723214645143,0.0
446,446,2002-02-01,policy_1,55,0.0032979999999999997,0.0002752496442713914,0.9674879087284366,0.7000123116152221,0.0
447,447,2002-03-01,policy_1,55,0.0032979999999999997,0.0002752496442713914,0.9672216080257222,0.6994527494156897,0.0
448,448,2002-04-01,policy_1,55,0.0032979999999999997,0.0002752496442713914,0.9669553806221816,0.6988936345080833,0.0
449,449,2002-05-01,policy_1,55,0.0032979999999999997,0.0002752496442713914,0.966689226497639,0.6983349665348555,0.0
450,450,2002-06-01,policy_1,55,0.0032979999999999997,0.0002752496442713914,0.9664231456319246,0.6977767451387445,0.0
451,451,2002-07-01,policy_1,55,0.0032979999999999997,0.0002752496442713914,0.9661571380048737,0.6972189699627744,0.0
452,452,2002-08-01,policy_1,55,0.0032979999999999997,0.0002752496442713914,0.9658912035963276,0.6966616406502543,0.0
453,453,2002-09-01,policy_1,55,0.0032979999999999997,0.0002752496442713914,0.9656253423861328,0.6961047568447785,0.0
454,454,2002-10-01,policy_1,55,0.0032979999999999997,0.0002752496442713914,0.9653595543541417,0.6955483181902263,0.0
455,455,2002-11-01,policy_1,55,0.0032979999999999997,0.0002752496442713914,0.9650938394802117,0.6949923243307617,0.0
456,456,2002-12-01,policy_1,55,0.0032979999999999997,0.0002752496442713914,0.9648281977442063,0.6944367749108331,0.0
457,457,2003-01-01,policy_1,55,0.0032979999999999997,0.0002752496442713914,0.9645626291259941,0.693881669575173,0.0
458,458,2003-02-01,policy_1,56,0.003708,0.0003095263929431269,0.9642971336054497,0.6933270079687981,0.0
459,459,2003-03-01,policy_1,56,0.003708,0.0003095263929431269,0.9639986581919594,0.6927727897370085,0.0
460,460,2003-04-01,policy_1,56,0.003708,0.0003095263929431269,0.9637002751644872,0.6922190145253883,0.0
461,461,2003-05-01,policy_1,56,0.003708,0.0003095263929431269,0.9634019844944373,0.6916656819798045,0.0
462,462,2003-06-01,policy_1,56,0.003708,0.0003095263929431269,0.9631037861532225,0.6911127917464074,0.0
463,463,2003-07-01,policy_1,56,0.003708,0.0003095263929431269,0.9628056801122645,0.6905603434716301,0.0
464,464,2003-08-01,policy_1,56,0.003708,0.0003095263929431269,0.9625076663429942,0.6900083368021884,0.0
465,465,2003-09-01,policy_1,56,0.003708,0.0003095263929431269,0.962209744816851,0.6894567713850804,0.0
466,466,2003-10-01,policy_1,56,0.003708,0.0003095263929431269,0.9619119155052831,0.6889056468675864,0.0
467,467,2003-11-01,policy_1,56,0.003708,0.0003095263929431269,0.9616141783797477,0.6883549628972686,0.0
468,468,2003-12-01,policy_1,56,0.003708,0.0003095263929431269,0.9613165334117109,0.687804719121971,0.0
469,469,2004-01-01,policy_1,56,0.003708,0.0003095263929431269,0.9610189805726473,0.6872549151898193,0.0
470,470,2004-02-01,policy_1,57,0.00417,0.00034816593420405884,0.9607215198340409,0.68670555074922,0.0
471,471,2004-03-01,policy_1,57,0.00417,0.00034816593420405884,0.9603870293285779,0.686156625448861,0.0
472,472,2004-04-01,policy_1,57,0.00417,0.00034816593420405884,0.9600526552813142,0.6856081389377109,0.0
473,473,2004-05-01,policy_1,57,0.00417,0.00034816593420405884,0.9597183976517031,0.685060090865019,0.0
474,474,2004-06-01,policy_1,57,0.00417,0.00034816593420405884,0.9593842563992119,0.6845124808803148,0.0
475,475,2004-07-01,policy_1,57,0.00417,0.00034816593420405884,0.959050231483322,0.6839653086334081,0.0
476,476,2004-08-01,policy_1,57,0.00417,0.00034816593420405884,0.958716322863529,0.6834185737743886,0.0
477,477,2004-09-01,policy_1,57,0.00417,0.00034816593420405884,0.9583825304993425,0.6828722759536258,0.0
478,478,2004-10-01,policy_1,57,0.00417,0.00034816593420405884,0.9580488543502864,0.6823264148217684,0.0
479,479,2004-11-01,policy_1,57,0.00417,0.00034816593420405884,0.9577152943758984,0.6817809900297447,0.0
480,480,2004-12-01,policy_1,57,0.00417,0.00034816593420405884,0.9573818505357305,0.6812360012287617,0.0
481,481,2005-01-01,policy_1,57,0.00417,0.00034816593420405884,0.9570485227893488,0.6806914480703056,0.0
482,482,2005-02-01,policy_1,58,0.0046890000000000005,0.000391592294969656,0.9567153110963332,0.6801473302061407,0.0
483,483,2005-03-01,policy_1,58,0.0046890000000000005,0.000391592294969656,0.9563406687520284,0.6796036472883101,0.0
484,484,2005-04-01,policy_1,58,0.0046890000000000005,0.000391592294969656,0.9559661731147789,0.6790603989691348,0.0
485,485,2005-05-01,policy_1,58,0.0046890000000000005,0.000391592294969656,0.9555918241271356,0.6785175849012139,0.0
486,486,2005-06-01,policy_1,58,0.0046890000000000005,0.000391592294969656,0.9552176217316715,0.6779752047374241,0.0
487,487,2005-07-01,policy_1,58,0.0046890000000000005,0.000391592294969656,0.9548435658709821,0.6774332581309195,0.0
488,488,2005-08-01,policy_1,58,0.0046890000000000005,0.000391592294969656,0.9544696564876857,0.6768917447351315,0.0
489,489,2005-09-01,policy_1,58,0.0046890000000000005,0.000391592294969656,0.9540958935244228,0.6763506642037685,0.0
490,490,2005-10-01,policy_1,58,0.0046890000000000005,0.000391592294969656,0.9537222769238565,0.6758100161908159,0.0
491,491,2005-11-01,policy_1,58,0.0046890000000000005,0.000391592294969656,0.9533488066286722,0.6752698003505355,0.0
492,492,2005-12-01,policy_1,58,0.0046890000000000005,0.000391592294969656,0.9529754825815778,0.6747300163374657,0.0
493,493,2006-01-01,policy_1,58,0.0046890000000000005,0.000391592294969656,0.9526023047253039,0.6741906638064206,0.0
494,494,2006-02-01,policy_1,59,0.0052710000000000005,0.00044031476047434737,0.9522292730026032,0.6736517424124906,0.0
495,495,2006-03-01,policy_1,59,0.0052710000000000005,0.00044031476047434737,0.9518099923983444,0.6731132518110419,0.0
496,496,2006-04-01,policy_1,59,0.0052710000000000005,0.00044031476047434737,0.9513908964095245,0.6725751916577157,0.0
497,497,2006-05-01,policy_1,59,0.0052710000000000005,0.00044031476047434737,0.9509719849548545,0.6720375616084291,0.0
498,498,2006-06-01,policy_1,59,0.0052710000000000005,0.00044031476047434737,0.9505532579530812,0.6715003613193736,0.0
499,499,2006-07-01,policy_1,59,0.0052710000000000005,0.00044031476047434737,0.9501347153229874,0.670963590447016,0.0
500,500,2006-08-01,policy_1,59,0.0052710000000000005,0.00044031476047434737,0.9497163569833916,0.6704272486480977,0.0
501,501,2006-09-01,policy_1,59,0.0052710000000000005,0.00044031476047434737,0.9492981828531479,0.669891335579634,0.0
502,502,2006-10-01,policy_1,59,0.0052710000000000005,0.00044031476047434737,0.9488801928511462,0.6693558508989149,0.0
503,503,2006-11-01,policy_1,59,0.0052710000000000005,0.00044031476047434737,0.9484623868963121,0.6688207942635042,0.0
504,504,2006-12-01,policy_1,59,0.0052710000000000005,0.00044031476047434737,0.9480447649076069,0.6682861653312392,0.0
505,505,2007-01-01,policy_1,59,0.0052710000000000005,0.00044031476047434737,0.9476273268040276,0.667751963760231,0.0
506,506,2007-02-01,policy_1,60,0.005925,0.0004950959375118469,0.947210072504607,0.667218189208864,0.0
507,507,2007-03-01,policy_1,60,0.005925,0.0004950959375118469,0.9467411126457397,0.6666848413357954,0.0
508,508,2007-04-01,policy_1,60,0.005925,0.0004950959375118469,0.9462723849669933,0.6661519197999555,0.0
509,509,2007-05-01,policy_1,60,0.005925,0.0004950959375118469,0.9458038893534165,0.6656194242605471,0.0
510,510,2007-06-01,policy_1,60,0.005925,0.0004950959375118469,0.9453356256901148,0.6650873543770455,0.0
511,511,2007-07-01,policy_1,60,0.005925,0.0004950959375118469,0.9448675938622504,0.6645557098091982,0.0
512,512,2007-08-01,policy_1,60,0.005925,0.0004950959375118469,0.9443997937550426,0.6640244902170246,0.0
513,513,2007-09-01,policy_1,60,0.005925,0.0004950959375118469,0.9439322252537674,0.663493695260816,0.0
514,514,2007-10-01,policy_1,60,0.005925,0.0004950959375118469,0.9434648882437577,0.6629633246011352,0.0
515,515,2007-11-01,policy_1,60,0.005925,0.0004950959375118469,0.9429977826104032,0.6624333778988162,0.0
516,516,2007-12-01,policy_1,60,0.005925,0.0004950959375118469,0.9425309082391501,0.6619038548149643,0.0
517,517,2008-01-01,policy_1,60,0.005925,0.0004950959375118469,0.9420642650155016,0.6613747550109556,0.0
518,518,2008-02-01,policy_1,61,0.0066560000000000005,0.0005563660004578308,0.9415978528250173,0.6608460781484369,0.0
519,519,2008-03-01,policy_1,61,0.0066560000000000005,0.0005563660004578308,0.9410739797936013,0.6603178238893255,0.0
520,520,2008-04-01,policy_1,61,0.0066560000000000005,0.0005563660004578308,0.9405503982273286,0.6597899918958089,0.0
521,521,2008-05-01,policy_1,61,0.0066560000000000005,0.0005563660004578308,0.9400271079640378,0.6592625818303447,0.0
522,522,2008-06-01,policy_1,61,0.0066560000000000005,0.0005563660004578308,0.9395041088416579,0.6587355933556602,0.0
523,523,2008-07-01,policy_1,61,0.0066560000000000005,0.0005563660004578308,0.938981400698208,0.6582090261347525,0.0
524,524,2008-08-01,policy_1,61,0.0066560000000000005,0.0005563660004578308,0.9384589833717972,0.6576828798308879,0.0
525,525,2008-09-01,policy_1,61,0.0066560000000000005,0.0005563660004578308,0.937936856700625,0.6571571541076019,0.0
526,526,2008-10-01,policy_1,61,0.0066560000000000005,0.0005563660004578308,0.9374150205229804,0.6566318486286989,0.0
527,527,2008-11-01,policy_1,61,0.0066560000000000005,0.0005563660004578308,0.9368934746772429,0.6561069630582524,0.0
528,528,2008-12-01,policy_1,61,0.0066560000000000005,0.0005563660004578308,0.9363722190018817,0.655582497060604,0.0
529,529,2009-01-01,policy_1,61,0.0066560000000000005,0.0005563660004578308,0.9358512533354558,0.6550584503003638,0.0
530,530,2009-02-01,policy_1,62,0.007474,0.00062497714457177,0.9353305775166141,0.6545348224424099,0.0
531,531,2009-03-01,policy_1,62,0.007474,0.00062497714457177,0.9347460172830471,0.6540116131518885,0.0
532,532,2009-04-01,policy_1,62,0.007474,0.00062497714457177,0.9341618223862657,0.6534888220942132,0.0
533,533,2009-05-01,policy_1,62,0.007474,0.00062497714457177,0.9335779925979427,0.6529664489350652,0.0
534,534,2009-06-01,policy_1,62,0.007474,0.00062497714457177,0.9329945276898938,0.6524444933403929,0.0
535,535,2009-07-01,policy_1,62,0.007474,0.00062497714457177,0.932411427434077,0.6519229549764118,0.0
536,536,2009-08-01,policy_1,62,0.007474,0.00062497714457177,0.9318286916025932,0.6514018335096042,0.0
537,537,2009-09-01,policy_1,62,0.007474,0.00062497714457177,0.9312463199676854,0.6508811286067189,0.0
538,538,2009-10-01,policy_1,62,0.007474,0.00062497714457177,0.930664312301739,0.6503608399347711,0.0
539,539,2009-11-01,policy_1,62,0.007474,0.00062497714457177,0.9300826683772818,0.6498409671610423,0.0
540,540,2009-12-01,policy_1,62,0.007474,0.00062497714457177,0.9295013879669837,0.6493215099530799,0.0
541,541,2010-01-01,policy_1,62,0.007474,0.00062497714457177,0.9289204708436566,0.648802467978697,0.0
542,542,2010-02-01,policy_1,63,0.008387,0.0007016178161971531,0.9283399167802544,0.6482838409059722,0.0
543,543,2010-03-01,policy_1,63,0.008387,0.0007016178161971531,0.9276885769551544,0.6477656284032497,0.0
544,544,2010-04-01,policy_1,63,0.008387,0.0007016178161971531,0.92703769412168,0.6472478301391384,0.0
545,545,2010-05-01,policy_1,63,0.008387,0.0007016178161971531,0.9263872679591979,0.6467304457825125,0.0
546,546,2010-06-01,policy_1,63,0.008387,0.0007016178161971531,0.9257372981472995,0.6462134750025106,0.0
547,547,2010-07-01,policy_1,63,0.008387,0.0007016178161971531,0.9250877843658012,0.6456969174685359,0.0
548,548,2010-08-01,policy_1,63,0.008387,0.0007016178161971531,0.9244387262947438,0.6451807728502557,0.0
549,549,2010-09-01,policy_1,63,0.008387,0.0007016178161971531,0.9237901236143927,0.6446650408176017,0.0
550,550,2010-10-01,policy_1,63,0.008387,0.0007016178161971531,0.9231419760052378,0.6441497210407691,0.0
551,551,2010-11-01,policy_1,63,0.008387,0.0007016178161971531,0.9224942831479931,0.643634813190217,0.0
552,552,2010-12-01,policy_1,63,0.008387,0.0007016178161971531,0.9218470447235965,0.6431203169366677,0.0
553,553,2011-01-01,policy_1,63,0.008387,0.0007016178161971531,0.9212002604132097,0.6426062319511069,0.0
554,554,2011-02-01,policy_1,64,0.009405,0.0007871488928683501,0.9205539298982183,0.6420925579047831,0.0
555,555,2011-03-01,policy_1,64,0.009405,0.0007871488928683501,0.9198293168914733,0.6415792944692078,0.0
556,556,2011-04-01,policy_1,64,0.009405,0.0007871488928683501,0.9191052742630543,0.641066441316155,0.0
557,557,2011-05-01,policy_1,64,0.009405,0.0007871488928683501,0.9183818015639887,0.6405539981176609,0.0
558,558,2011-06-01,policy_1,64,0.009405,0.0007871488928683501,0.9176588983456572,0.6400419645460241,0.0
559,559,2011-07-01,policy_1,64,0.009405,0.0007871488928683501,0.9169365641597936,0.6395303402738052,0.0
560,560,2011-08-01,policy_1,64,0.009405,0.0007871488928683501,0.9162147985584848,0.6390191249738262,0.0
561,561,2011-09-01,policy_1,64,0.009405,0.0007871488928683501,0.9154936010941699,0.6385083183191709,0.0
562,562,2011-10-01,policy_1,64,0.009405,0.0007871488928683501,0.9147729713196405,0.6379979199831843,0.0
563,563,2011-11-01,policy_1,64,0.009405,0.0007871488928683501,0.9140529087880404,0.6374879296394728,0.0
564,564,2011-12-01,policy_1,64,0.009405,0.0007871488928683501,0.9133334130528648,0.6369783469619033,0.0
565,565,2012-01-01,policy_1,64,0.009405,0.0007871488928683501,0.9126144836679605,0.6364691716246036,0.0
566,566,2012-02-01,policy_1,65,0.010539,0.0008825210624900937,0.9118961201875256,0.6359604033019621,0.0
567,567,2012-03-01,policy_1,65,0.010539,0.0008825210624900937,0.9110913526546571,0.6354520416686272,0.0
568,568,2012-04-01,policy_1,65,0.010539,0.0008825210624900937,0.9102872953460868,0.6349440863995077,0.0
569,569,2012-05-01,policy_1,65,0.010539,0.0008825210624900937,0.9094839476350267,0.634436537169772,0.0
570,570,2012-06-01,policy_1,65,0.010539,0.0008825210624900937,0.9086813088952421,0.6339293936548481,0.0
571,571,2012-07-01,policy_1,65,0.010539,0.0008825210624900937,0.907879378501051,0.6334226555304239,0.0
572,572,2012-08-01,policy_1,65,0.010539,0.0008825210624900937,0.9070781558273234,0.632916322472446,0.0
573,573,2012-09-01,policy_1,65,0.010539,0.0008825210624900937,0.9062776402494811,0.6324103941571204,0.0
574,574,2012-10-01,policy_1,65,0.010539,0.0008825210624900937,0.9054778311434971,0.6319048702609117,0.0
575,575,2012-11-01,policy_1,65,0.010539,0.0008825210624900937,0.9046787278858951,0.6313997504605433,0.0
576,576,2012-12-01,policy_1,65,0.010539,0.0008825210624900937,0.903880329853749,0.630895034432997,0.0
577,577,2013-01-01,policy_1,65,0.010539,0.0008825210624900937,0.9030826364246826,0.6303907218555126,0.0
578,578,2013-02-01,policy_1,66,0.0118,0.0009886919692437823,0.9022856469768687,0.6298868124055882,0.0
579,579,2013-03-01,policy_1,66,0.0118,0.0009886919692437823,0.9013935644037387,0.6293833057609795,0.0
580,580,2013-04-01,policy_1,66,0.0118,0.0009886919692437823,0.9005023638254848,0.6288802015996997,0.0
581,581,2013-05-01,policy_1,66,0.0118,0.0009886919692437823,0.8996120443700855,0.6283774996000198,0.0
582,582,2013-06-01,policy_1,66,0.0118,0.0009886919692437823,0.8987226051663818,0.6278751994404674,0.0
583,583,2013-07-01,policy_1,66,0.0118,0.0009886919692437823,0.897834045344076,0.6273733007998277,0.0
584,584,2013-08-01,policy_1,66,0.0118,0.0009886919692437823,0.8969463640337306,0.626871803357142,0.0
585,585,2013-09-01,policy_1,66,0.0118,0.0009886919692437823,0.896059560366768,0.6263707067917087,0.0
586,586,2013-10-01,policy_1,66,0.0118,0.0009886919692437823,0.8951736334754693,0.6258700107830822,0.0
587,587,2013-11-01,policy_1,66,0.0118,0.0009886919692437823,0.8942885824929733,0.6253697150110734,0.0
588,588,2013-12-01,policy_1,66,0.0118,0.0009886919692437823,0.893404406553276,0.6248698191557489,0.0
589,589,2014-01-01,policy_1,66,0.0118,0.0009886919692437823,0.8925211047912298,0.624370322897431,0.0
590,590,2014-02-01,policy_1,67,0.013201,0.0011067960242989727,0.8916386763425421,0.6238712259166977,0.0
591,591,2014-03-01,policy_1,67,0.013201,0.0011067960242989727,0.890651814200455,0.6233725278943822,0.0
592,592,2014-04-01,policy_1,67,0.013201,0.0011067960242989727,0.8896660443134633,0.622874228511573,0.0
593,593,2014-05-01,policy_1,67,0.013201,0.0011067960242989727,0.8886813654726634,0.6223763274496134,0.0
594,594,2014-06-01,policy_1,67,0.013201,0.0011067960242989727,0.8876977764704896,0.6218788243901013,0.0
595,595,2014-07-01,policy_1,67,0.013201,0.0011067960242989727,0.8867152761007131,0.6213817190148895,0.0
596,596,2014-08-01,policy_1,67,0.013201,0.0011067960242989727,0.8857338631584397,0.6208850110060846,0.0
597,597,2014-09-01,policy_1,67,0.013201,0.0011067960242989727,0.884753536440109,0.6203887000460478,0.0
598,598,2014-10-01,policy_1,67,0.013201,0.0011067960242989727,0.8837742947434927,0.6198927858173939,0.0
599,599,2014-11-01,policy_1,67,0.013201,0.0011067960242989727,0.882796136867693,0.6193972680029916,0.0
600,600,2014-12-01,policy_1,67,0.013201,0.0011067960242989727,0.8818190616131413,0.6189021462859629,0.0
601,601,2015-01-01,policy_1,67,0.013201,0.0011067960242989727,0.8808430677815968,0.6184074203496832,0.0
602,602,2015-02-01,policy_1,68,0.014756,0.0012380623635110943,0.8798681541761448,0.617913089877781,0.0
603,603,2015-03-01,policy_1,68,0.014756,0.0012380623635110943,0.8787788225296074,0.6174191545541378,0.0
604,604,2015-04-01,policy_1,68,0.014756,0.0012380623635110943,0.8776908395435828,0.6169256140628875,0.0
605,605,2015-05-01,policy_1,68,0.014756,0.0012380623635110943,0.8766042035483455,0.6164324680884168,0.0
606,606,2015-06-01,policy_1,68,0.014756,0.0012380623635110943,0.8755189128762366,0.6159397163153646,0.0
607,607,2015-07-01,policy_1,68,0.014756,0.0012380623635110943,0.8744349658616624,0.6154473584286217,0.0
608,608,2015-08-01,policy_1,68,0.014756,0.0012380623635110943,0.8733523608410909,0.6149553941133311,0.0
609,609,2015-09-01,policy_1,68,0.014756,0.0012380623635110943,0.87227109615305,0.6144638230548872,0.0
610,610,2015-10-01,policy_1,68,0.014756,0.0012380623635110943,0.8711911701381243,0.6139726449389361,0.0
611,611,2015-11-01,policy_1,68,0.014756,0.0012380623635110943,0.8701125811389531,0.613481859451375,0.0
612,612,2015-12-01,policy_1,68,0.014756,0.0012380623635110943,0.8690353275002274,0.6129914662783524,0.0
613,613,2016-01-01,policy_1,68,0.014756,0.0012380623635110943,0.8679594075686878,0.6125014651062675,0.0
614,614,2016-02-01,policy_1,69,0.016477000000000002,0.0013835632892066352,0.8668848196931217,0.6120118556217701,0.0
615,615,2016-03-01,policy_1,69,0.016477000000000002,0.0013835632892066352,0.8656854296806238,0.6115226375117607,0.0
616,616,2016-04-01,policy_1,69,0.016477000000000002,0.0013835632892066352,0.8644876991001166,0.6110338104633901,0.0
617,617,2016-05-01,policy_1,69,0.016477000000000002,0.0013835632892066352,0.863291625655671,0.610545374164059,0.0
618,618,2016-06-01,policy_1,69,0.016477000000000002,0.0013835632892066352,0.8620972070545343,0.6100573283014179,0.0
619,619,2016-07-01,policy_1,69,0.016477000000000002,0.0013835632892066352,0.860904441007126,0.6095696725633672,0.0
620,620,2016-08-01,policy_1,69,0.016477000000000002,0.0013835632892066352,0.8597133252270336,0.6090824066380569,0.0
621,621,2016-09-01,policy_1,69,0.016477000000000002,0.0013835632892066352,0.8585238574310077,0.6085955302138859,0.0
622,622,2016-10-01,policy_1,69,0.016477000000000002,0.0013835632892066352,0.8573360353389581,0.6081090429795023,0.0
623,623,2016-11-01,policy_1,69,0.016477000000000002,0.0013835632892066352,0.8561498566739492,0.6076229446238033,0.0
624,624,2016-12-01,policy_1,69,0.016477000000000002,0.0013835632892066352,0.8549653191621955,0.6071372348359346,0.0
625,625,2017-01-01,policy_1,69,0.016477000000000002,0.0013835632892066352,0.8537824205330579,0.6066519133052904,0.0
626,626,2017-02-01,policy_1,70,0.018382,0.0015448927847582228,0.8526011585190384,0.6061669797215133,0.0
627,627,2017-03-01,policy_1,70,0.018382,0.0015448927847582228,0.8512839811409658,0.6056824337744938,0.0
628,628,2017-04-01,policy_1,70,0.018382,0.0015448927847582228,0.8499688386607209,0.6051982751543704,0.0
629,629,2017-05-01,policy_1,70,0.018382,0.0015448927847582228,0.8486557279346046,0.6047145035515292,0.0
630,630,2017-06-01,policy_1,70,0.018382,0.0015448927847582228,0.8473446458237748,0.604231118656604,0.0
631,631,2017-07-01,policy_1,70,0.018382,0.0015448927847582228,0.8460355891942382,0.6037481201604756,0.0
632,632,2017-08-01,policy_1,70,0.018382,0.0015448927847582228,0.8447285549168433,0.6032655077542722,0.0
633,633,2017-09-01,policy_1,70,0.018382,0.0015448927847582228,0.843423539867273,0.6027832811293687,0.0
634,634,2017-10-01,policy_1,70,0.018382,0.0015448927847582228,0.8421205409260368,0.6023014399773868,0.0
635,635,2017-11-01,policy_1,70,0.018382,0.0015448927847582228,0.8408195549784635,0.6018199839901948,0.0
636,636,2017-12-01,policy_1,70,0.018382,0.0015448927847582228,0.8395205789146937,0.6013389128599069,0.0
637,637,2018-01-01,policy_1,70,0.018382,0.0015448927847582228,0.8382236096296724,0.6008582262788839,1259.133878267921
638,638,2018-02-01,policy_1,71,0.020486,0.0017234089467590419,0.8369286440231415,0.6003779239397321,1256.1837044607719
639,639,2018-03-01,policy_1,71,0.020486,0.0017234089467590419,0.8354862737102331,0.5998980055353039,1253.0163731272296
640,640,2018-04-01,policy_1,71,0.020486,0.0017234089467590419,0.8340463891912265,0.599418470758697,1249.857027877045
641,641,2018-05-01,policy_1,71,0.020486,0.0017234089467590419,0.8326089861820823,0.5989393193032545,1246.7056485741732
642,642,2018-06-01,policy_1,71,0.020486,0.0017234089467590419,0.8311740604061442,0.5984605508625646,1243.562215133339
643,643,2018-07-01,policy_1,71,0.020486,0.0017234089467590419,0.8297416075941262,0.5979821651304602,1240.4267075199107
644,644,2018-08-01,policy_1,71,0.020486,0.0017234089467590419,0.8283116234841003,0.5975041618010194,1237.2991057497723
645,645,2018-09-01,policy_1,71,0.020486,0.0017234089467590419,0.8268841038214833,0.5970265405685646,1234.179389889195
646,646,2018-10-01,policy_1,71,0.020486,0.0017234089467590419,0.8254590443590245,0.5965493011276626,1231.067540054711
647,647,2018-11-01,policy_1,71,0.020486,0.0017234089467590419,0.824036440856793,0.5960724431731241,1227.9635364129856
648,648,2018-12-01,policy_1,71,0.020486,0.0017234089467590419,0.8226162890821649,0.5955959664000042,1224.8673591806933
649,649,2019-01-01,policy_1,71,0.020486,0.0017234089467590419,0.821198584809811,0.5951198705036014,1221.7789886243886
650,650,2019-02-01,policy_1,72,0.022807,0.001920744916364625,0.819783323821684,0.5946441551794579,1218.698405060383
651,651,2019-03-01,policy_1,72,0.022807,0.001920744916364625,0.8182087291699329,0.5941688201233593,1215.3852880638306
652,652,2019-04-01,policy_1,72,0.022807,0.001920744916364625,0.8166371589128546,0.5936938650313343,1212.0811780079514
653,653,2019-05-01,policy_1,72,0.022807,0.001920744916364625,0.8150686072413583,0.5932192895996545,1208.786050406746
654,654,2019-06-01,policy_1,72,0.022807,0.001920744916364625,0.8135030683575111,0.5927450935248347,1205.4998808407822
655,655,2019-07-01,policy_1,72,0.022807,0.001920744916364625,0.8119405364745164,0.5922712765036319,1202.2226449570137
656,656,2019-08-01,policy_1,72,0.022807,0.001920744916364625,0.8103810058166926,0.5917978382330454,1198.9543184685992
657,657,2019-09-01,policy_1,72,0.022807,0.001920744916364625,0.8088244706194517,0.5913247784103173,1195.6948771547236
658,658,2019-10-01,policy_1,72,0.022807,0.001920744916364625,0.8072709251292781,0.5908520967329309,1192.4442968604171
659,659,2019-11-01,policy_1,72,0.022807,0.001920744916364625,0.8057203636037071,0.5903797928986121,1189.2025534963775
660,660,2019-12-01,policy_1,72,0.022807,0.001920744916364625,0.8041727803113039,0.5899078666053279,1185.9696230387908
661,661,2020-01-01,policy_1,72,0.022807,0.001920744916364625,0.8026281695316422,0.5894363175512869,1182.745481529153
662,662,2020-02-01,policy_1,73,0.025365000000000002,0.0021387294060966067,0.8010865255552833,0.5889651454349389,1179.5301050740934
663,663,2020-03-01,policy_1,73,0.025365000000000002,0.0021387294060966067,0.7993732182462504,0.588494349954975,1176.0665561081087
664,664,2020-04-01,policy_1,73,0.025365000000000002,0.0021387294060966067,0.7976635752379411,0.5880239308103268,1172.6131774390824
665,665,2020-05-01,policy_1,73,0.025365000000000002,0.0021387294060966067,0.7959575886934075,0.5875538877001667,1169.1699392031546
666,666,2020-06-01,policy_1,73,0.025365000000000002,0.0021387294060966067,0.7942552507924632,0.5870842203239076,1165.7368116241573
667,667,2020-07-01,policy_1,73,0.025365000000000002,0.0021387294060966067,0.7925565537316467,0.5866149283812027,1162.3137650133567
668,668,2020-08-01,policy_1,73,0.025365000000000002,0.0021387294060966067,0.7908614897241862,0.5861460115719451,1158.9007697691966
669,669,2020-09-01,policy_1,73,0.025365000000000002,0.0021387294060966067,0.7891700509999637,0.5856774695962682,1155.4977963770418
670,670,2020-10-01,policy_1,73,0.025365000000000002,0.0021387294060966067,0.7874822298054793,0.5852093021545446,1152.104815408923
671,671,2020-11-01,policy_1,73,0.025365000000000002,0.0021387294060966067,0.7857980184038158,0.5847415089473867,1148.721797523284
672,672,2020-12-01,policy_1,73,0.025365000000000002,0.0021387294060966067,0.7841174090746031,0.5842740896756463,1145.3487134647253
673,673,2021-01-01,policy_1,73,0.025365000000000002,0.0021387294060966067,0.782440394113983,0.5838070440404141,1141.9855340637525
674,674,2021-02-01,policy_1,74,0.028179000000000003,0.0023791360139540085,0.7807669658345736,0.5833403717430197,1138.6322302365243
675,675,2021-03-01,policy_1,74,0.028179000000000003,0.0023791360139540085,0.778909415027651,0.5828740724850316,1135.0152570852517
676,676,2021-04-01,policy_1,74,0.028179000000000003,0.0023791360139540085,0.7770562835867508,0.5824081459682571,1131.4097735918592
677,677,2021-05-01,policy_1,74,0.028179000000000003,0.0023791360139540085,0.7752075609976004,0.5819425918947413,1127.815743258361
678,678,2021-06-01,policy_1,74,0.028179000000000003,0.0023791360139540085,0.7733632367709415,0.5814774099667679,1124.2331297027083
679,679,2021-07-01,policy_1,74,0.028179000000000003,0.0023791360139540085,0.7715233004424717,0.5810125998868585,1120.661896658426
680,680,2021-08-01,policy_1,74,0.028179000000000003,0.0023791360139540085,0.7696877415727844,0.5805481613577723,1117.1020079742405
681,681,2021-09-01,policy_1,74,0.028179000000000003,0.0023791360139540085,0.7678565497473097,0.5800840940825064,1113.5534276137178
682,682,2021-10-01,policy_1,74,0.028179000000000003,0.0023791360139540085,0.7660297145762553,0.579620397764295,1110.0161196548963
683,683,2021-11-01,policy_1,74,0.028179000000000003,0.0023791360139540085,0.764207225694548,0.5791570721066097,1106.4900482899238
684,684,2021-12-01,policy_1,74,0.028179000000000003,0.0023791360139540085,0.7623890727617743,0.5786941168131592,1102.9751778246957
685,685,2022-01-01,policy_1,74,0.028179000000000003,0.0023791360139540085,0.7605752454621217,0.578231531587889,1099.4714726784932
686,686,2022-02-01,policy_1,75,0.031269,0.0026438581188843457,0.7587657335043209,0.5777693161349811,1095.9788973836219
687,687,2022-03-01,policy_1,75,0.031269,0.0026438581188843457,0.7567596645594642,0.577307470158854,1092.207518662718
688,688,2022-04-01,policy_1,75,0.031269,0.0026438581188843457,0.7547588993762745,0.5768459933641626,1088.449117652873
689,689,2022-05-01,policy_1,75,0.031269,0.0026438581188843457,0.7527634239323583,0.576384885455798,1084.7036496964167
690,690,2022-06-01,policy_1,75,0.031269,0.0026438581188843457,0.7507732242423956,0.575924146138887,1080.971070289352
691,691,2022-07-01,policy_1,75,0.031269,0.0026438581188843457,0.7487882863580413,0.575463775118792,1077.2513350808238
692,692,2022-08-01,policy_1,75,0.031269,0.0026438581188843457,0.746808596367828,0.5750037721011112,1073.5443998725932
693,693,2022-09-01,policy_1,75,0.031269,0.0026438581188843457,0.7448341403970683,0.5745441367916779,1069.8502206185126
694,694,2022-10-01,policy_1,75,0.031269,0.0026438581188843457,0.7428649046077572,0.5740848688965607,1066.1687534240011
695,695,2022-11-01,policy_1,75,0.031269,0.0026438581188843457,0.7409008751984758,0.5736259681220631,1062.499954545524
696,696,2022-12-01,policy_1,75,0.031269,0.0026438581188843457,0.7389420384042938,0.5731674341747234,1058.8437803900724
697,697,2023-01-01,policy_1,75,0.031269,0.0026438581188843457,0.7369883804966737,0.5727092667613144,1055.2001875146464
698,698,2023-02-01,policy_1,76,0.03466,0.0029352593521102532,0.7350398877833741,0.5722514655888433,1051.569132625737
699,699,2023-03-01,policy_1,76,0.03466,0.0029352593521102532,0.7328823550785839,0.5717940303645518,1047.64438898362
700,700,2023-04-01,policy_1,76,0.03466,0.0029352593521102532,0.7307311552918428,0.5713369607959151,1043.7342935583233
