Curve Name,Time Step,Curve Value
1pc_400points_1.5pc_320points,0,0.000829538
1pc_400points_1.5pc_320points,1,0.000829538
1pc_400points_1.5pc_320points,2,0.000829538
1pc_400points_1.5pc_320points,3,0.000829538
1pc_400points_1.5pc_320points,4,0.000829538
1pc_400points_1.5pc_320points,5,0.000829538
1pc_400points_1.5pc_320points,6,0.000829538
1pc_400points_1.5pc_320points,7,0.000829538
1pc_400points_1.5pc_320points,8,0.000829538
1pc_400points_1.5pc_320points,9,0.000829538
1pc_400points_1.5pc_320points,10,0.000829538
1pc_400points_1.5pc_320points,11,0.000829538
1pc_400points_1.5pc_320points,12,0.000829538
1pc_400points_1.5pc_320points,13,0.000829538
1pc_400points_1.5pc_320points,14,0.000829538
1pc_400points_1.5pc_320points,15,0.000829538
1pc_400points_1.5pc_320points,16,0.000829538
1pc_400points_1.5pc_320points,17,0.000829538
1pc_400points_1.5pc_320points,18,0.000829538
1pc_400points_1.5pc_320points,19,0.000829538
1pc_400points_1.5pc_320points,20,0.000829538
1pc_400points_1.5pc_320points,21,0.000829538
1pc_400points_1.5pc_320points,22,0.000829538
1pc_400points_1.5pc_320points,23,0.000829538
1pc_400points_1.5pc_320points,24,0.000829538
1pc_400points_1.5pc_320points,25,0.000829538
1pc_400points_1.5pc_320points,26,0.000829538
1pc_400points_1.5pc_320points,27,0.000829538
1pc_400points_1.5pc_320points,28,0.000829538
1pc_400points_1.5pc_320points,29,0.000829538
1pc_400points_1.5pc_320points,30,0.000829538
1pc_400points_1.5pc_320points,31,0.000829538
1pc_400points_1.5pc_320points,32,0.000829538
1pc_400points_1.5pc_320points,33,0.000829538
1pc_400points_1.5pc_320points,34,0.000829538
1pc_400points_1.5pc_320points,35,0.000829538
1pc_400points_1.5pc_320points,36,0.000829538
1pc_400points_1.5pc_320points,37,0.000829538
1pc_400points_1.5pc_320points,38,0.000829538
1pc_400points_1.5pc_320points,39,0.000829538
1pc_400points_1.5pc_320points,40,0.000829538
1pc_400points_1.5pc_320points,41,0.000829538
1pc_400points_1.5pc_320points,42,0.000829538
1pc_400points_1.5pc_320points,43,0.000829538
1pc_400points_1.5pc_320points,44,0.000829538
1pc_400points_1.5pc_320points,45,0.000829538
1pc_400points_1.5pc_320points,46,0.000829538
1pc_400points_1.5pc_320points,47,0.000829538
1pc_400points_1.5pc_320points,48,0.000829538
1pc_400points_1.5pc_320points,49,0.000829538
1pc_400points_1.5pc_320points,50,0.000829538
1pc_400points_1.5pc_320points,51,0.000829538
1pc_400points_1.5pc_320points,52,0.000829538
1pc_400points_1.5pc_320points,53,0.000829538
1pc_400points_1.5pc_320points,54,0.000829538
1pc_400points_1.5pc_320points,55,0.000829538
1pc_400points_1.5pc_320points,56,0.000829538
1pc_400points_1.5pc_320points,57,0.000829538
1pc_400points_1.5pc_320points,58,0.000829538
1pc_400points_1.5pc_320points,59,0.000829538
1pc_400points_1.5pc_320points,60,0.000829538
1pc_400points_1.5pc_320points,61,0.000829538
1pc_400points_1.5pc_320points,62,0.000829538
1pc_400points_1.5pc_320points,63,0.000829538
1pc_400points_1.5pc_320points,64,0.000829538
1pc_400points_1.5pc_320points,65,0.000829538
1pc_400points_1.5pc_320points,66,0.000829538
1pc_400points_1.5pc_320points,67,0.000829538
1pc_400points_1.5pc_320points,68,0.000829538
1pc_400points_1.5pc_320points,69,0.000829538
1pc_400points_1.5pc_320points,70,0.000829538
1pc_400points_1.5pc_320points,71,0.000829538
1pc_400points_1.5pc_320points,72,0.000829538
1pc_400points_1.5pc_320points,73,0.000829538
1pc_400points_1.5pc_320points,74,0.000829538
1pc_400points_1.5pc_320points,75,0.000829538
1pc_400points_1.5pc_320points,76,0.000829538
1pc_400points_1.5pc_320points,77,0.000829538
1pc_400points_1.5pc_320points,78,0.000829538
1pc_400points_1.5pc_320points,79,0.000829538
1pc_400points_1.5pc_320points,80,0.000829538
1pc_400points_1.5pc_320points,81,0.000829538
1pc_400points_1.5pc_320points,82,0.000829538
1pc_400points_1.5pc_320points,83,0.000829538
1pc_400points_1.5pc_320points,84,0.000829538
1pc_400points_1.5pc_320points,85,0.000829538
1pc_400points_1.5pc_320points,86,0.000829538
1pc_400points_1.5pc_320points,87,0.000829538
1pc_400points_1.5pc_320points,88,0.000829538
1pc_400points_1.5pc_320points,89,0.000829538
1pc_400points_1.5pc_320points,90,0.000829538
1pc_400points_1.5pc_320points,91,0.000829538
1pc_400points_1.5pc_320points,92,0.000829538
1pc_400points_1.5pc_320points,93,0.000829538
1pc_400points_1.5pc_320points,94,0.000829538
1pc_400points_1.5pc_320points,95,0.000829538
1pc_400points_1.5pc_320points,96,0.000829538
1pc_400points_1.5pc_320points,97,0.000829538
1pc_400points_1.5pc_320points,98,0.000829538
1pc_400points_1.5pc_320points,99,0.000829538
1pc_400points_1.5pc_320points,100,0.000829538
1pc_400points_1.5pc_320points,101,0.000829538
1pc_400points_1.5pc_320points,102,0.000829538
1pc_400points_1.5pc_320points,103,0.000829538
1pc_400points_1.5pc_320points,104,0.000829538
1pc_400points_1.5pc_320points,105,0.000829538
1pc_400points_1.5pc_320points,106,0.000829538
1pc_400points_1.5pc_320points,107,0.000829538
1pc_400points_1.5pc_320points,108,0.000829538
1pc_400points_1.5pc_320points,109,0.000829538
1pc_400points_1.5pc_320points,110,0.000829538
1pc_400points_1.5pc_320points,111,0.000829538
1pc_400points_1.5pc_320points,112,0.000829538
1pc_400points_1.5pc_320points,113,0.000829538
1pc_400points_1.5pc_320points,114,0.000829538
1pc_400points_1.5pc_320points,115,0.000829538
1pc_400points_1.5pc_320points,116,0.000829538
1pc_400points_1.5pc_320points,117,0.000829538
1pc_400points_1.5pc_320points,118,0.000829538
1pc_400points_1.5pc_320points,119,0.000829538
1pc_400points_1.5pc_320points,120,0.000829538
1pc_400points_1.5pc_320points,121,0.000829538
1pc_400points_1.5pc_320points,122,0.000829538
1pc_400points_1.5pc_320points,123,0.000829538
1pc_400points_1.5pc_320points,124,0.000829538
1pc_400points_1.5pc_320points,125,0.000829538
1pc_400points_1.5pc_320points,126,0.000829538
1pc_400points_1.5pc_320points,127,0.000829538
1pc_400points_1.5pc_320points,128,0.000829538
1pc_400points_1.5pc_320points,129,0.000829538
1pc_400points_1.5pc_320points,130,0.000829538
1pc_400points_1.5pc_320points,131,0.000829538
1pc_400points_1.5pc_320points,132,0.000829538
1pc_400points_1.5pc_320points,133,0.000829538
1pc_400points_1.5pc_320points,134,0.000829538
1pc_400points_1.5pc_320points,135,0.000829538
1pc_400points_1.5pc_320points,136,0.000829538
1pc_400points_1.5pc_320points,137,0.000829538
1pc_400points_1.5pc_320points,138,0.000829538
1pc_400points_1.5pc_320points,139,0.000829538
1pc_400points_1.5pc_320points,140,0.000829538
1pc_400points_1.5pc_320points,141,0.000829538
1pc_400points_1.5pc_320points,142,0.000829538
1pc_400points_1.5pc_320points,143,0.000829538
1pc_400points_1.5pc_320points,144,0.000829538
1pc_400points_1.5pc_320points,145,0.000829538
1pc_400points_1.5pc_320points,146,0.000829538
1pc_400points_1.5pc_320points,147,0.000829538
1pc_400points_1.5pc_320points,148,0.000829538
1pc_400points_1.5pc_320points,149,0.000829538
1pc_400points_1.5pc_320points,150,0.000829538
1pc_400points_1.5pc_320points,151,0.000829538
1pc_400points_1.5pc_320points,152,0.000829538
1pc_400points_1.5pc_320points,153,0.000829538
1pc_400points_1.5pc_320points,154,0.000829538
1pc_400points_1.5pc_320points,155,0.000829538
1pc_400points_1.5pc_320points,156,0.000829538
1pc_400points_1.5pc_320points,157,0.000829538
1pc_400points_1.5pc_320points,158,0.000829538
1pc_400points_1.5pc_320points,159,0.000829538
1pc_400points_1.5pc_320points,160,0.000829538
1pc_400points_1.5pc_320points,161,0.000829538
1pc_400points_1.5pc_320points,162,0.000829538
1pc_400points_1.5pc_320points,163,0.000829538
1pc_400points_1.5pc_320points,164,0.000829538
1pc_400points_1.5pc_320points,165,0.000829538
1pc_400points_1.5pc_320points,166,0.000829538
1pc_400points_1.5pc_320points,167,0.000829538
1pc_400points_1.5pc_320points,168,0.000829538
1pc_400points_1.5pc_320points,169,0.000829538
1pc_400points_1.5pc_320points,170,0.000829538
1pc_400points_1.5pc_320points,171,0.000829538
1pc_400points_1.5pc_320points,172,0.000829538
1pc_400points_1.5pc_320points,173,0.000829538
1pc_400points_1.5pc_320points,174,0.000829538
1pc_400points_1.5pc_320points,175,0.000829538
1pc_400points_1.5pc_320points,176,0.000829538
1pc_400points_1.5pc_320points,177,0.000829538
1pc_400points_1.5pc_320points,178,0.000829538
1pc_400points_1.5pc_320points,179,0.000829538
1pc_400points_1.5pc_320points,180,0.000829538
1pc_400points_1.5pc_320points,181,0.000829538
1pc_400points_1.5pc_320points,182,0.000829538
1pc_400points_1.5pc_320points,183,0.000829538
1pc_400points_1.5pc_320points,184,0.000829538
1pc_400points_1.5pc_320points,185,0.000829538
1pc_400points_1.5pc_320points,186,0.000829538
1pc_400points_1.5pc_320points,187,0.000829538
1pc_400points_1.5pc_320points,188,0.000829538
1pc_400points_1.5pc_320points,189,0.000829538
1pc_400points_1.5pc_320points,190,0.000829538
1pc_400points_1.5pc_320points,191,0.000829538
1pc_400points_1.5pc_320points,192,0.000829538
1pc_400points_1.5pc_320points,193,0.000829538
1pc_400points_1.5pc_320points,194,0.000829538
1pc_400points_1.5pc_320points,195,0.000829538
1pc_400points_1.5pc_320points,196,0.000829538
1pc_400points_1.5pc_320points,197,0.000829538
1pc_400points_1.5pc_320points,198,0.000829538
1pc_400points_1.5pc_320points,199,0.000829538
1pc_400points_1.5pc_320points,200,0.000829538
1pc_400points_1.5pc_320points,201,0.000829538
1pc_400points_1.5pc_320points,202,0.000829538
1pc_400points_1.5pc_320points,203,0.000829538
1pc_400points_1.5pc_320points,204,0.000829538
1pc_400points_1.5pc_320points,205,0.000829538
1pc_400points_1.5pc_320points,206,0.000829538
1pc_400points_1.5pc_320points,207,0.000829538
1pc_400points_1.5pc_320points,208,0.000829538
1pc_400points_1.5pc_320points,209,0.000829538
1pc_400points_1.5pc_320points,210,0.000829538
1pc_400points_1.5pc_320points,211,0.000829538
1pc_400points_1.5pc_320points,212,0.000829538
1pc_400points_1.5pc_320points,213,0.000829538
1pc_400points_1.5pc_320points,214,0.000829538
1pc_400points_1.5pc_320points,215,0.000829538
1pc_400points_1.5pc_320points,216,0.000829538
1pc_400points_1.5pc_320points,217,0.000829538
1pc_400points_1.5pc_320points,218,0.000829538
1pc_400points_1.5pc_320points,219,0.000829538
1pc_400points_1.5pc_320points,220,0.000829538
1pc_400points_1.5pc_320points,221,0.000829538
1pc_400points_1.5pc_320points,222,0.000829538
1pc_400points_1.5pc_320points,223,0.000829538
1pc_400points_1.5pc_320points,224,0.000829538
1pc_400points_1.5pc_320points,225,0.000829538
1pc_400points_1.5pc_320points,226,0.000829538
1pc_400points_1.5pc_320points,227,0.000829538
1pc_400points_1.5pc_320points,228,0.000829538
1pc_400points_1.5pc_320points,229,0.000829538
1pc_400points_1.5pc_320points,230,0.000829538
1pc_400points_1.5pc_320points,231,0.000829538
1pc_400points_1.5pc_320points,232,0.000829538
1pc_400points_1.5pc_320points,233,0.000829538
1pc_400points_1.5pc_320points,234,0.000829538
1pc_400points_1.5pc_320points,235,0.000829538
1pc_400points_1.5pc_320points,236,0.000829538
1pc_400points_1.5pc_320points,237,0.000829538
1pc_400points_1.5pc_320points,238,0.000829538
1pc_400points_1.5pc_320points,239,0.000829538
1pc_400points_1.5pc_320points,240,0.000829538
1pc_400points_1.5pc_320points,241,0.000829538
1pc_400points_1.5pc_320points,242,0.000829538
1pc_400points_1.5pc_320points,243,0.000829538
1pc_400points_1.5pc_320points,244,0.000829538
1pc_400points_1.5pc_320points,245,0.000829538
1pc_400points_1.5pc_320points,246,0.000829538
1pc_400points_1.5pc_320points,247,0.000829538
1pc_400points_1.5pc_320points,248,0.000829538
1pc_400points_1.5pc_320points,249,0.000829538
1pc_400points_1.5pc_320points,250,0.000829538
1pc_400points_1.5pc_320points,251,0.000829538
1pc_400points_1.5pc_320points,252,0.000829538
1pc_400points_1.5pc_320points,253,0.000829538
1pc_400points_1.5pc_320points,254,0.000829538
1pc_400points_1.5pc_320points,255,0.000829538
1pc_400points_1.5pc_320points,256,0.000829538
1pc_400points_1.5pc_320points,257,0.000829538
1pc_400points_1.5pc_320points,258,0.000829538
1pc_400points_1.5pc_320points,259,0.000829538
1pc_400points_1.5pc_320points,260,0.000829538
1pc_400points_1.5pc_320points,261,0.000829538
1pc_400points_1.5pc_320points,262,0.000829538
1pc_400points_1.5pc_320points,263,0.000829538
1pc_400points_1.5pc_320points,264,0.000829538
1pc_400points_1.5pc_320points,265,0.000829538
1pc_400points_1.5pc_320points,266,0.000829538
1pc_400points_1.5pc_320points,267,0.000829538
1pc_400points_1.5pc_320points,268,0.000829538
1pc_400points_1.5pc_320points,269,0.000829538
1pc_400points_1.5pc_320points,270,0.000829538
1pc_400points_1.5pc_320points,271,0.000829538
1pc_400points_1.5pc_320points,272,0.000829538
1pc_400points_1.5pc_320points,273,0.000829538
1pc_400points_1.5pc_320points,274,0.000829538
1pc_400points_1.5pc_320points,275,0.000829538
1pc_400points_1.5pc_320points,276,0.000829538
1pc_400points_1.5pc_320points,277,0.000829538
1pc_400points_1.5pc_320points,278,0.000829538
1pc_400points_1.5pc_320points,279,0.000829538
1pc_400points_1.5pc_320points,280,0.000829538
1pc_400points_1.5pc_320points,281,0.000829538
1pc_400points_1.5pc_320points,282,0.000829538
1pc_400points_1.5pc_320points,283,0.000829538
1pc_400points_1.5pc_320points,284,0.000829538
1pc_400points_1.5pc_320points,285,0.000829538
1pc_400points_1.5pc_320points,286,0.000829538
1pc_400points_1.5pc_320points,287,0.000829538
1pc_400points_1.5pc_320points,288,0.000829538
1pc_400points_1.5pc_320points,289,0.000829538
1pc_400points_1.5pc_320points,290,0.000829538
1pc_400points_1.5pc_320points,291,0.000829538
1pc_400points_1.5pc_320points,292,0.000829538
1pc_400points_1.5pc_320points,293,0.000829538
1pc_400points_1.5pc_320points,294,0.000829538
1pc_400points_1.5pc_320points,295,0.000829538
1pc_400points_1.5pc_320points,296,0.000829538
1pc_400points_1.5pc_320points,297,0.000829538
1pc_400points_1.5pc_320points,298,0.000829538
1pc_400points_1.5pc_320points,299,0.000829538
1pc_400points_1.5pc_320points,300,0.000829538
1pc_400points_1.5pc_320points,301,0.000829538
1pc_400points_1.5pc_320points,302,0.000829538
1pc_400points_1.5pc_320points,303,0.000829538
1pc_400points_1.5pc_320points,304,0.000829538
1pc_400points_1.5pc_320points,305,0.000829538
1pc_400points_1.5pc_320points,306,0.000829538
1pc_400points_1.5pc_320points,307,0.000829538
1pc_400points_1.5pc_320points,308,0.000829538
1pc_400points_1.5pc_320points,309,0.000829538
1pc_400points_1.5pc_320points,310,0.000829538
1pc_400points_1.5pc_320points,311,0.000829538
1pc_400points_1.5pc_320points,312,0.000829538
1pc_400points_1.5pc_320points,313,0.000829538
1pc_400points_1.5pc_320points,314,0.000829538
1pc_400points_1.5pc_320points,315,0.000829538
1pc_400points_1.5pc_320points,316,0.000829538
1pc_400points_1.5pc_320points,317,0.000829538
1pc_400points_1.5pc_320points,318,0.000829538
1pc_400points_1.5pc_320points,319,0.000829538
1pc_400points_1.5pc_320points,320,0.000829538
1pc_400points_1.5pc_320points,321,0.000829538
1pc_400points_1.5pc_320points,322,0.000829538
1pc_400points_1.5pc_320points,323,0.000829538
1pc_400points_1.5pc_320points,324,0.000829538
1pc_400points_1.5pc_320points,325,0.000829538
1pc_400points_1.5pc_320points,326,0.000829538
1pc_400points_1.5pc_320points,327,0.000829538
1pc_400points_1.5pc_320points,328,0.000829538
1pc_400points_1.5pc_320points,329,0.000829538
1pc_400points_1.5pc_320points,330,0.000829538
1pc_400points_1.5pc_320points,331,0.000829538
1pc_400points_1.5pc_320points,332,0.000829538
1pc_400points_1.5pc_320points,333,0.000829538
1pc_400points_1.5pc_320points,334,0.000829538
1pc_400points_1.5pc_320points,335,0.000829538
1pc_400points_1.5pc_320points,336,0.000829538
1pc_400points_1.5pc_320points,337,0.000829538
1pc_400points_1.5pc_320points,338,0.000829538
1pc_400points_1.5pc_320points,339,0.000829538
1pc_400points_1.5pc_320points,340,0.000829538
1pc_400points_1.5pc_320points,341,0.000829538
1pc_400points_1.5pc_320points,342,0.000829538
1pc_400points_1.5pc_320points,343,0.000829538
1pc_400points_1.5pc_320points,344,0.000829538
1pc_400points_1.5pc_320points,345,0.000829538
1pc_400points_1.5pc_320points,346,0.000829538
1pc_400points_1.5pc_320points,347,0.000829538
1pc_400points_1.5pc_320points,348,0.000829538
1pc_400points_1.5pc_320points,349,0.000829538
1pc_400points_1.5pc_320points,350,0.000829538
1pc_400points_1.5pc_320points,351,0.000829538
1pc_400points_1.5pc_320points,352,0.000829538
1pc_400points_1.5pc_320points,353,0.000829538
1pc_400points_1.5pc_320points,354,0.000829538
1pc_400points_1.5pc_320points,355,0.000829538
1pc_400points_1.5pc_320points,356,0.000829538
1pc_400points_1.5pc_320points,357,0.000829538
1pc_400points_1.5pc_320points,358,0.000829538
1pc_400points_1.5pc_320points,359,0.000829538
1pc_400points_1.5pc_320points,360,0.000829538
1pc_400points_1.5pc_320points,361,0.000829538
1pc_400points_1.5pc_320points,362,0.000829538
1pc_400points_1.5pc_320points,363,0.000829538
1pc_400points_1.5pc_320points,364,0.000829538
1pc_400points_1.5pc_320points,365,0.000829538
1pc_400points_1.5pc_320points,366,0.000829538
1pc_400points_1.5pc_320points,367,0.000829538
1pc_400points_1.5pc_320points,368,0.000829538
1pc_400points_1.5pc_320points,369,0.000829538
1pc_400points_1.5pc_320points,370,0.000829538
1pc_400points_1.5pc_320points,371,0.000829538
1pc_400points_1.5pc_320points,372,0.000829538
1pc_400points_1.5pc_320points,373,0.000829538
1pc_400points_1.5pc_320points,374,0.000829538
1pc_400points_1.5pc_320points,375,0.000829538
1pc_400points_1.5pc_320points,376,0.000829538
1pc_400points_1.5pc_320points,377,0.000829538
1pc_400points_1.5pc_320points,378,0.000829538
1pc_400points_1.5pc_320points,379,0.000829538
1pc_400points_1.5pc_320points,380,0.000829538
1pc_400points_1.5pc_320points,381,0.000829538
1pc_400points_1.5pc_320points,382,0.000829538
1pc_400points_1.5pc_320points,383,0.000829538
1pc_400points_1.5pc_320points,384,0.000829538
1pc_400points_1.5pc_320points,385,0.000829538
1pc_400points_1.5pc_320points,386,0.000829538
1pc_400points_1.5pc_320points,387,0.000829538
1pc_400points_1.5pc_320points,388,0.000829538
1pc_400points_1.5pc_320points,389,0.000829538
1pc_400points_1.5pc_320points,390,0.000829538
1pc_400points_1.5pc_320points,391,0.000829538
1pc_400points_1.5pc_320points,392,0.000829538
1pc_400points_1.5pc_320points,393,0.000829538
1pc_400points_1.5pc_320points,394,0.000829538
1pc_400points_1.5pc_320points,395,0.000829538
1pc_400points_1.5pc_320points,396,0.000829538
1pc_400points_1.5pc_320points,397,0.000829538
1pc_400points_1.5pc_320points,398,0.000829538
1pc_400points_1.5pc_320points,399,0.000829538
1pc_400points_1.5pc_320points,400,0.000829538
1pc_400points_1.5pc_320points,401,0.001241488
1pc_400points_1.5pc_320points,402,0.001241488
1pc_400points_1.5pc_320points,403,0.001241488
1pc_400points_1.5pc_320points,404,0.001241488
1pc_400points_1.5pc_320points,405,0.001241488
1pc_400points_1.5pc_320points,406,0.001241488
1pc_400points_1.5pc_320points,407,0.001241488
1pc_400points_1.5pc_320points,408,0.001241488
1pc_400points_1.5pc_320points,409,0.001241488
1pc_400points_1.5pc_320points,410,0.001241488
1pc_400points_1.5pc_320points,411,0.001241488
1pc_400points_1.5pc_320points,412,0.001241488
1pc_400points_1.5pc_320points,413,0.001241488
1pc_400points_1.5pc_320points,414,0.001241488
1pc_400points_1.5pc_320points,415,0.001241488
1pc_400points_1.5pc_320points,416,0.001241488
1pc_400points_1.5pc_320points,417,0.001241488
1pc_400points_1.5pc_320points,418,0.001241488
1pc_400points_1.5pc_320points,419,0.001241488
1pc_400points_1.5pc_320points,420,0.001241488
1pc_400points_1.5pc_320points,421,0.001241488
1pc_400points_1.5pc_320points,422,0.001241488
1pc_400points_1.5pc_320points,423,0.001241488
1pc_400points_1.5pc_320points,424,0.001241488
1pc_400points_1.5pc_320points,425,0.001241488
1pc_400points_1.5pc_320points,426,0.001241488
1pc_400points_1.5pc_320points,427,0.001241488
1pc_400points_1.5pc_320points,428,0.001241488
1pc_400points_1.5pc_320points,429,0.001241488
1pc_400points_1.5pc_320points,430,0.001241488
1pc_400points_1.5pc_320points,431,0.001241488
1pc_400points_1.5pc_320points,432,0.001241488
1pc_400points_1.5pc_320points,433,0.001241488
1pc_400points_1.5pc_320points,434,0.001241488
1pc_400points_1.5pc_320points,435,0.001241488
1pc_400points_1.5pc_320points,436,0.001241488
1pc_400points_1.5pc_320points,437,0.001241488
1pc_400points_1.5pc_320points,438,0.001241488
1pc_400points_1.5pc_320points,439,0.001241488
1pc_400points_1.5pc_320points,440,0.001241488
1pc_400points_1.5pc_320points,441,0.001241488
1pc_400points_1.5pc_320points,442,0.001241488
1pc_400points_1.5pc_320points,443,0.001241488
1pc_400points_1.5pc_320points,444,0.001241488
1pc_400points_1.5pc_320points,445,0.001241488
1pc_400points_1.5pc_320points,446,0.001241488
1pc_400points_1.5pc_320points,447,0.001241488
1pc_400points_1.5pc_320points,448,0.001241488
1pc_400points_1.5pc_320points,449,0.001241488
1pc_400points_1.5pc_320points,450,0.001241488
1pc_400points_1.5pc_320points,451,0.001241488
1pc_400points_1.5pc_320points,452,0.001241488
1pc_400points_1.5pc_320points,453,0.001241488
1pc_400points_1.5pc_320points,454,0.001241488
1pc_400points_1.5pc_320points,455,0.001241488
1pc_400points_1.5pc_320points,456,0.001241488
1pc_400points_1.5pc_320points,457,0.001241488
1pc_400points_1.5pc_320points,458,0.001241488
1pc_400points_1.5pc_320points,459,0.001241488
1pc_400points_1.5pc_320points,460,0.001241488
1pc_400points_1.5pc_320points,461,0.001241488
1pc_400points_1.5pc_320points,462,0.001241488
1pc_400points_1.5pc_320points,463,0.001241488
1pc_400points_1.5pc_320points,464,0.001241488
1pc_400points_1.5pc_320points,465,0.001241488
1pc_400points_1.5pc_320points,466,0.001241488
1pc_400points_1.5pc_320points,467,0.001241488
1pc_400points_1.5pc_320points,468,0.001241488
1pc_400points_1.5pc_320points,469,0.001241488
1pc_400points_1.5pc_320points,470,0.001241488
1pc_400points_1.5pc_320points,471,0.001241488
1pc_400points_1.5pc_320points,472,0.001241488
1pc_400points_1.5pc_320points,473,0.001241488
1pc_400points_1.5pc_320points,474,0.001241488
1pc_400points_1.5pc_320points,475,0.001241488
1pc_400points_1.5pc_320points,476,0.001241488
1pc_400points_1.5pc_320points,477,0.001241488
1pc_400points_1.5pc_320points,478,0.001241488
1pc_400points_1.5pc_320points,479,0.001241488
1pc_400points_1.5pc_320points,480,0.001241488
1pc_400points_1.5pc_320points,481,0.001241488
1pc_400points_1.5pc_320points,482,0.001241488
1pc_400points_1.5pc_320points,483,0.001241488
1pc_400points_1.5pc_320points,484,0.001241488
1pc_400points_1.5pc_320points,485,0.001241488
1pc_400points_1.5pc_320points,486,0.001241488
1pc_400points_1.5pc_320points,487,0.001241488
1pc_400points_1.5pc_320points,488,0.001241488
1pc_400points_1.5pc_320points,489,0.001241488
1pc_400points_1.5pc_320points,490,0.001241488
1pc_400points_1.5pc_320points,491,0.001241488
1pc_400points_1.5pc_320points,492,0.001241488
1pc_400points_1.5pc_320points,493,0.001241488
1pc_400points_1.5pc_320points,494,0.001241488
1pc_400points_1.5pc_320points,495,0.001241488
1pc_400points_1.5pc_320points,496,0.001241488
1pc_400points_1.5pc_320points,497,0.001241488
1pc_400points_1.5pc_320points,498,0.001241488
1pc_400points_1.5pc_320points,499,0.001241488
1pc_400points_1.5pc_320points,500,0.001241488
1pc_400points_1.5pc_320points,501,0.001241488
1pc_400points_1.5pc_320points,502,0.001241488
1pc_400points_1.5pc_320points,503,0.001241488
1pc_400points_1.5pc_320points,504,0.001241488
1pc_400points_1.5pc_320points,505,0.001241488
1pc_400points_1.5pc_320points,506,0.001241488
1pc_400points_1.5pc_320points,507,0.001241488
1pc_400points_1.5pc_320points,508,0.001241488
1pc_400points_1.5pc_320points,509,0.001241488
1pc_400points_1.5pc_320points,510,0.001241488
1pc_400points_1.5pc_320points,511,0.001241488
1pc_400points_1.5pc_320points,512,0.001241488
1pc_400points_1.5pc_320points,513,0.001241488
1pc_400points_1.5pc_320points,514,0.001241488
1pc_400points_1.5pc_320points,515,0.001241488
1pc_400points_1.5pc_320points,516,0.001241488
1pc_400points_1.5pc_320points,517,0.001241488
1pc_400points_1.5pc_320points,518,0.001241488
1pc_400points_1.5pc_320points,519,0.001241488
1pc_400points_1.5pc_320points,520,0.001241488
1pc_400points_1.5pc_320points,521,0.001241488
1pc_400points_1.5pc_320points,522,0.001241488
1pc_400points_1.5pc_320points,523,0.001241488
1pc_400points_1.5pc_320points,524,0.001241488
1pc_400points_1.5pc_320points,525,0.001241488
1pc_400points_1.5pc_320points,526,0.001241488
1pc_400points_1.5pc_320points,527,0.001241488
1pc_400points_1.5pc_320points,528,0.001241488
1pc_400points_1.5pc_320points,529,0.001241488
1pc_400points_1.5pc_320points,530,0.001241488
1pc_400points_1.5pc_320points,531,0.001241488
1pc_400points_1.5pc_320points,532,0.001241488
1pc_400points_1.5pc_320points,533,0.001241488
1pc_400points_1.5pc_320points,534,0.001241488
1pc_400points_1.5pc_320points,535,0.001241488
1pc_400points_1.5pc_320points,536,0.001241488
1pc_400points_1.5pc_320points,537,0.001241488
1pc_400points_1.5pc_320points,538,0.001241488
1pc_400points_1.5pc_320points,539,0.001241488
1pc_400points_1.5pc_320points,540,0.001241488
1pc_400points_1.5pc_320points,541,0.001241488
1pc_400points_1.5pc_320points,542,0.001241488
1pc_400points_1.5pc_320points,543,0.001241488
1pc_400points_1.5pc_320points,544,0.001241488
1pc_400points_1.5pc_320points,545,0.001241488
1pc_400points_1.5pc_320points,546,0.001241488
1pc_400points_1.5pc_320points,547,0.001241488
1pc_400points_1.5pc_320points,548,0.001241488
1pc_400points_1.5pc_320points,549,0.001241488
1pc_400points_1.5pc_320points,550,0.001241488
1pc_400points_1.5pc_320points,551,0.001241488
1pc_400points_1.5pc_320points,552,0.001241488
1pc_400points_1.5pc_320points,553,0.001241488
1pc_400points_1.5pc_320points,554,0.001241488
1pc_400points_1.5pc_320points,555,0.001241488
1pc_400points_1.5pc_320points,556,0.001241488
1pc_400points_1.5pc_320points,557,0.001241488
1pc_400points_1.5pc_320points,558,0.001241488
1pc_400points_1.5pc_320points,559,0.001241488
1pc_400points_1.5pc_320points,560,0.001241488
1pc_400points_1.5pc_320points,561,0.001241488
1pc_400points_1.5pc_320points,562,0.001241488
1pc_400points_1.5pc_320points,563,0.001241488
1pc_400points_1.5pc_320points,564,0.001241488
1pc_400points_1.5pc_320points,565,0.001241488
1pc_400points_1.5pc_320points,566,0.001241488
1pc_400points_1.5pc_320points,567,0.001241488
1pc_400points_1.5pc_320points,568,0.001241488
1pc_400points_1.5pc_320points,569,0.001241488
1pc_400points_1.5pc_320points,570,0.001241488
1pc_400points_1.5pc_320points,571,0.001241488
1pc_400points_1.5pc_320points,572,0.001241488
1pc_400points_1.5pc_320points,573,0.001241488
1pc_400points_1.5pc_320points,574,0.001241488
1pc_400points_1.5pc_320points,575,0.001241488
1pc_400points_1.5pc_320points,576,0.001241488
1pc_400points_1.5pc_320points,577,0.001241488
1pc_400points_1.5pc_320points,578,0.001241488
1pc_400points_1.5pc_320points,579,0.001241488
1pc_400points_1.5pc_320points,580,0.001241488
1pc_400points_1.5pc_320points,581,0.001241488
1pc_400points_1.5pc_320points,582,0.001241488
1pc_400points_1.5pc_320points,583,0.001241488
1pc_400points_1.5pc_320points,584,0.001241488
1pc_400points_1.5pc_320points,585,0.001241488
1pc_400points_1.5pc_320points,586,0.001241488
1pc_400points_1.5pc_320points,587,0.001241488
1pc_400points_1.5pc_320points,588,0.001241488
1pc_400points_1.5pc_320points,589,0.001241488
1pc_400points_1.5pc_320points,590,0.001241488
1pc_400points_1.5pc_320points,591,0.001241488
1pc_400points_1.5pc_320points,592,0.001241488
1pc_400points_1.5pc_320points,593,0.001241488
1pc_400points_1.5pc_320points,594,0.001241488
1pc_400points_1.5pc_320points,595,0.001241488
1pc_400points_1.5pc_320points,596,0.001241488
1pc_400points_1.5pc_320points,597,0.001241488
1pc_400points_1.5pc_320points,598,0.001241488
1pc_400points_1.5pc_320points,599,0.001241488
1pc_400points_1.5pc_320points,600,0.001241488
1pc_400points_1.5pc_320points,601,0.001241488
1pc_400points_1.5pc_320points,602,0.001241488
1pc_400points_1.5pc_320points,603,0.001241488
1pc_400points_1.5pc_320points,604,0.001241488
1pc_400points_1.5pc_320points,605,0.001241488
1pc_400points_1.5pc_320points,606,0.001241488
1pc_400points_1.5pc_320points,607,0.001241488
1pc_400points_1.5pc_320points,608,0.001241488
1pc_400points_1.5pc_320points,609,0.001241488
1pc_400points_1.5pc_320points,610,0.001241488
1pc_400points_1.5pc_320points,611,0.001241488
1pc_400points_1.5pc_320points,612,0.001241488
1pc_400points_1.5pc_320points,613,0.001241488
1pc_400points_1.5pc_320points,614,0.001241488
1pc_400points_1.5pc_320points,615,0.001241488
1pc_400points_1.5pc_320points,616,0.001241488
1pc_400points_1.5pc_320points,617,0.001241488
1pc_400points_1.5pc_320points,618,0.001241488
1pc_400points_1.5pc_320points,619,0.001241488
1pc_400points_1.5pc_320points,620,0.001241488
1pc_400points_1.5pc_320points,621,0.001241488
1pc_400points_1.5pc_320points,622,0.001241488
1pc_400points_1.5pc_320points,623,0.001241488
1pc_400points_1.5pc_320points,624,0.001241488
1pc_400points_1.5pc_320points,625,0.001241488
1pc_400points_1.5pc_320points,626,0.001241488
1pc_400points_1.5pc_320points,627,0.001241488
1pc_400points_1.5pc_320points,628,0.001241488
1pc_400points_1.5pc_320points,629,0.001241488
1pc_400points_1.5pc_320points,630,0.001241488
1pc_400points_1.5pc_320points,631,0.001241488
1pc_400points_1.5pc_320points,632,0.001241488
1pc_400points_1.5pc_320points,633,0.001241488
1pc_400points_1.5pc_320points,634,0.001241488
1pc_400points_1.5pc_320points,635,0.001241488
1pc_400points_1.5pc_320points,636,0.001241488
1pc_400points_1.5pc_320points,637,0.001241488
1pc_400points_1.5pc_320points,638,0.001241488
1pc_400points_1.5pc_320points,639,0.001241488
1pc_400points_1.5pc_320points,640,0.001241488
1pc_400points_1.5pc_320points,641,0.001241488
1pc_400points_1.5pc_320points,642,0.001241488
1pc_400points_1.5pc_320points,643,0.001241488
1pc_400points_1.5pc_320points,644,0.001241488
1pc_400points_1.5pc_320points,645,0.001241488
1pc_400points_1.5pc_320points,646,0.001241488
1pc_400points_1.5pc_320points,647,0.001241488
1pc_400points_1.5pc_320points,648,0.001241488
1pc_400points_1.5pc_320points,649,0.001241488
1pc_400points_1.5pc_320points,650,0.001241488
1pc_400points_1.5pc_320points,651,0.001241488
1pc_400points_1.5pc_320points,652,0.001241488
1pc_400points_1.5pc_320points,653,0.001241488
1pc_400points_1.5pc_320points,654,0.001241488
1pc_400points_1.5pc_320points,655,0.001241488
1pc_400points_1.5pc_320points,656,0.001241488
1pc_400points_1.5pc_320points,657,0.001241488
1pc_400points_1.5pc_320points,658,0.001241488
1pc_400points_1.5pc_320points,659,0.001241488
1pc_400points_1.5pc_320points,660,0.001241488
1pc_400points_1.5pc_320points,661,0.001241488
1pc_400points_1.5pc_320points,662,0.001241488
1pc_400points_1.5pc_320points,663,0.001241488
1pc_400points_1.5pc_320points,664,0.001241488
1pc_400points_1.5pc_320points,665,0.001241488
1pc_400points_1.5pc_320points,666,0.001241488
1pc_400points_1.5pc_320points,667,0.001241488
1pc_400points_1.5pc_320points,668,0.001241488
1pc_400points_1.5pc_320points,669,0.001241488
1pc_400points_1.5pc_320points,670,0.001241488
1pc_400points_1.5pc_320points,671,0.001241488
1pc_400points_1.5pc_320points,672,0.001241488
1pc_400points_1.5pc_320points,673,0.001241488
1pc_400points_1.5pc_320points,674,0.001241488
1pc_400points_1.5pc_320points,675,0.001241488
1pc_400points_1.5pc_320points,676,0.001241488
1pc_400points_1.5pc_320points,677,0.001241488
1pc_400points_1.5pc_320points,678,0.001241488
1pc_400points_1.5pc_320points,679,0.001241488
1pc_400points_1.5pc_320points,680,0.001241488
1pc_400points_1.5pc_320points,681,0.001241488
1pc_400points_1.5pc_320points,682,0.001241488
1pc_400points_1.5pc_320points,683,0.001241488
1pc_400points_1.5pc_320points,684,0.001241488
1pc_400points_1.5pc_320points,685,0.001241488
1pc_400points_1.5pc_320points,686,0.001241488
1pc_400points_1.5pc_320points,687,0.001241488
1pc_400points_1.5pc_320points,688,0.001241488
1pc_400points_1.5pc_320points,689,0.001241488
1pc_400points_1.5pc_320points,690,0.001241488
1pc_400points_1.5pc_320points,691,0.001241488
1pc_400points_1.5pc_320points,692,0.001241488
1pc_400points_1.5pc_320points,693,0.001241488
1pc_400points_1.5pc_320points,694,0.001241488
1pc_400points_1.5pc_320points,695,0.001241488
1pc_400points_1.5pc_320points,696,0.001241488
1pc_400points_1.5pc_320points,697,0.001241488
1pc_400points_1.5pc_320points,698,0.001241488
1pc_400points_1.5pc_320points,699,0.001241488
1pc_400points_1.5pc_320points,700,0.001241488
1pc_400points_1.5pc_320points,701,0.001241488
1pc_400points_1.5pc_320points,702,0.001241488
1pc_400points_1.5pc_320points,703,0.001241488
1pc_400points_1.5pc_320points,704,0.001241488
1pc_400points_1.5pc_320points,705,0.001241488
1pc_400points_1.5pc_320points,706,0.001241488
1pc_400points_1.5pc_320points,707,0.001241488
1pc_400points_1.5pc_320points,708,0.001241488
1pc_400points_1.5pc_320points,709,0.001241488
1pc_400points_1.5pc_320points,710,0.001241488
1pc_400points_1.5pc_320points,711,0.001241488
1pc_400points_1.5pc_320points,712,0.001241488
1pc_400points_1.5pc_320points,713,0.001241488
1pc_400points_1.5pc_320points,714,0.001241488
1pc_400points_1.5pc_320points,715,0.001241488
1pc_400points_1.5pc_320points,716,0.001241488
1pc_400points_1.5pc_320points,717,0.001241488
1pc_400points_1.5pc_320points,718,0.001241488
1pc_400points_1.5pc_320points,719,0.001241488
1pc_400points_1.5pc_320points,720,0.001241488